000 A Sea Zone  (14126,656)  (14050,581)  (14128,804)  (13975,506)  (14075,506)  (13950,619)  (14028,847)  (14128,879)  (13900,431)  (14000,431)  (14100,431)  (13875,523)  (14028,922)  (13834,948)  (14128,954)  (13825,356)  (13925,356)  | overflowToLeft=false
000 B Sea Zone  (12305,294)  (12205,338)  (12405,291)  (12105,397)  (12105,322)  (12005,394)  (12005,319)  (11905,378)  (11905,303)  (11805,379)  (11805,304)  (11786,229)  (11705,310)  (11686,235)  (11605,312)  (11586,237)  (11505,327)  | overflowToLeft=false
001 A Sea Zone  (15535,1699)  (15473,1624)  (15573,1624)  (15635,1699)  (15673,1561)  (15473,1549)  (15573,1549)  (15735,1636)  (15735,1711)  (15673,1486)  (15473,1474)  (15573,1474)  (15673,1411)  (15473,1399)  (15573,1399)  (15835,1696)  | overflowToLeft=false
001 B Sea Zone  (15041,1487)  (15115,1562)  (15015,1562)  (14965,1412)  (15065,1412)  (14941,1487)  (15141,1487)  (15165,1363)  (15190,1637)  (15090,1637)  (14990,1637)  (14950,1337)  (15050,1337)  (15215,1562)  (14865,1412)  (14841,1498)  | overflowToLeft=false
002 Sea Zone  (14280,865)  (14354,940)  (14254,940)  (14228,790)  (14328,790)  (14407,1015)  (14307,1015)  (14228,715)  (14328,715)  (14385,1090)  (14285,1090)  (14228,640)  (14328,640)  (14428,610)  (14431,1165)  (14331,1165)  | overflowToLeft=false
003 A Sea Zone  (13772,1288)  (13846,1363)  (13746,1363)  (13696,1213)  (13796,1213)  (13672,1288)  (13872,1288)  (13896,1164)  (13646,1413)  (13921,1438)  (13821,1438)  (13668,1138)  (13768,1138)  (13946,1363)  (13596,1213)  (13572,1338)  | overflowToLeft=false
003 B Sea Zone  (13692,1762)  (13766,1837)  (13666,1837)  (13616,1687)  (13716,1687)  (13592,1762)  (13792,1762)  (13816,1673)  (13566,1870)  (13866,1837)  (13516,1687)  (13492,1795)  | overflowToLeft=false
004 Sea Zone  (13141,1776)  (13215,1851)  (13115,1851)  (13065,1701)  (13165,1701)  (13041,1776)  (13241,1776)  (13265,1652)  (13015,1901)  (13290,1926)  (13190,1926)  (12990,1626)  (13090,1626)  (13315,1851)  (12941,1826)  (12941,1751)  | overflowToLeft=false
005 A Sea Zone  (12454,1656)  (12515,1731)  (12415,1731)  (12378,1581)  (12478,1581)  (12354,1656)  (12578,1532)  (12530,1806)  (12430,1806)  (12332,1506)  (12652,1457)  (12547,1881)  (12447,1881)  (12347,1881)  (12659,1382)  (12562,1956)  | overflowToLeft=false
005 B Sea Zone  (11983,2277)  (11965,2352)  (11970,2202)  (11865,2406)  (11987,2127)  (11836,2481)  (11998,2052)  (11761,2556)  (12217,1930)  (12146,1855)  (12119,1780)  (12219,1780)  (11833,1763)  (12077,1705)  (12177,1705)  (11876,1688)  | overflowToLeft=false
006 A Sea Zone  (12475,3285)  (12559,3284)  (12642,3285)  (12737,3287)  (12846,3287)  (12584,3187)  (12689,3182)  (12779,3182)  (12879,3183)  (12501,3391)  (12602,3393)  (12702,3393)  (12808,3394)  (12609,3088)  (12719,3091)  (12819,3089)  (12920,3089)  | overflowToLeft=false
006 B Sea Zone  (12653,2203)  (12727,2278)  (12627,2278)  (12577,2128)  (12677,2128)  (12553,2203)  (12753,2203)  (12777,2119)  (12827,2278)  (12477,2128)  (12453,2221)  (12452,2053)  (12853,2194)  (12877,2119)  (12927,2269)  (12377,2146)  | overflowToLeft=false
006 C Sea Zone  (12139,3502)  (12065,3501)  (11990,3499)  (12214,3501)  (12216,3573)  (12136,3574)  (12059,3573)  (11983,3572)  (12005,3646)  (12086,3646)  (12165,3648)  (12247,3650)  (12093,3432)  (12170,3433)  (12249,3439)  | overflowToLeft=false
007 A Sea Zone  (13697,2162)  (13771,2237)  (13671,2237)  (13621,2087)  (13721,2087)  (13597,2162)  (13797,2162)  (13821,2038)  (13571,2287)  (13846,2312)  (13746,2312)  (13546,2012)  (13646,2012)  (13871,2237)  (13521,2087)  (13497,2212)  | overflowToLeft=false
007 B Sea Zone  (13761,2579)  (13835,2654)  (13735,2654)  (13685,2504)  (13785,2504)  (13661,2579)  (13861,2579)  | overflowToLeft=false
007 C Sea Zone  (13357,2481)  (13431,2556)  (13331,2556)  (13281,2406)  (13381,2406)  (13257,2481)  (13457,2481)  (13231,2606)  (13506,2631)  (13406,2631)  (13206,2331)  (13306,2331)  (13531,2556)  (13181,2406)  (13306,2681)  (13206,2681)  | overflowToLeft=false
008 Sea Zone  (14325,1690)  (14175,1630)  (14275,1630)  (14375,1630)  (14475,1630)  (14225,1690)  (14425,1690)  (14525,1690)  (14175,1750)  (14275,1750)  (14375,1750)  (14475,1750)  (14225,1810)  (14325,1810)  (14425,1810)  (14525,1810)  (14175,1870)  (14275,1870)  (14375,1870)  (14475,1870)  | overflowToLeft=false
009 Sea Zone  (15136,2619)  (15210,2694)  (15110,2694)  (15060,2544)  (15160,2544)  (15036,2619)  (15236,2619)  (15260,2495)  (15010,2744)  (15285,2769)  (15185,2769)  (14985,2469)  (15085,2469)  (15185,2420)  (15285,2420)  (15085,2819)  | overflowToLeft=false
010 A Sea Zone  (16057,3169)  (16131,3244)  (15981,3094)  (15957,3208)  (16081,3042)  (16206,3319)  (16106,3319)  (15906,3019)  (15881,3133)  (15857,3208)  (16006,2967)  (16281,3394)  (16181,3394)  (16081,3394)  (15831,2944)  (15806,3058)  | overflowToLeft=false
010 B Sea Zone  (15535,2252)  (15609,2327)  (15509,2327)  (15459,2177)  (15559,2177)  (15435,2252)  (15635,2252)  (15659,2128)  (15409,2377)  (15684,2402)  (15584,2402)  (15393,2102)  (15493,2102)  (15709,2327)  (15593,2053)  (15693,2053)  | overflowToLeft=false
011 Sea Zone  (16270,3971)  (16344,4046)  (16244,4046)  (16194,3896)  (16294,3896)  (16170,3971)  (16370,3971)  (16394,3847)  (16144,4096)  (16419,4121)  (16319,4121)  (16119,3821)  (16219,3821)  (16444,4046)  (16094,3896)  (16070,4021)  | overflowToLeft=false
012 Sea Zone  (15563,3472)  (15637,3547)  (15537,3547)  (15487,3397)  (15587,3397)  (15463,3472)  (15663,3472)  (15687,3348)  (15712,3622)  (15612,3622)  (15512,3622)  (15412,3322)  (15512,3322)  (15737,3547)  (15387,3397)  (15363,3486)  | overflowToLeft=false
013 Sea Zone  (14799,3251)  (14873,3326)  (14773,3326)  (14723,3176)  (14823,3176)  (14699,3251)  (14899,3251)  (14923,3127)  (14673,3376)  (14948,3401)  (14848,3401)  (14648,3101)  (14748,3101)  (14973,3326)  (14623,3176)  (14599,3301)  | overflowToLeft=false
014 Sea Zone  (14690,2626)  (14764,2701)  (14664,2701)  (14614,2551)  (14714,2551)  (14590,2626)  (14790,2626)  (14814,2502)  (14564,2751)  (14839,2776)  (14739,2776)  (14539,2476)  (14639,2476)  (14864,2701)  (14514,2551)  (14739,2427)  | overflowToLeft=false
015 Sea Zone  (14210,2794)  (14284,2869)  (14184,2869)  (14134,2719)  (14234,2719)  (14110,2794)  (14310,2794)  (14334,2670)  (14084,2919)  (14359,2944)  (14259,2944)  (14059,2644)  (14159,2644)  (14384,2869)  (14034,2719)  (14010,2844)  | overflowToLeft=false
016 A Sea Zone  (13714,2983)  (13788,3058)  (13688,3058)  (13638,2908)  (13738,2908)  (13614,2983)  (13814,2983)  (13838,2859)  (13588,3108)  (13863,3133)  (13763,3133)  (13563,2833)  (13663,2833)  (13538,2908)  (13763,2784)  (13863,2784)  | overflowToLeft=false
016 B Sea Zone  (13312,2969)  (13386,3044)  (13286,3044)  (13236,2894)  (13336,2894)  (13212,2969)  (13412,2969)  (13186,3094)  (13422,3119)  (13322,3119)  (13181,2819)  (13281,2819)  (13381,2819)  (13222,3169)  (13422,3194)  (13322,3194)  | overflowToLeft=false
017 A Sea Zone  (13155,3893)  (13229,3968)  (13129,3968)  (13079,3818)  (13179,3818)  (13055,3893)  (13255,3893)  (13279,3791)  (13029,4018)  | overflowToLeft=false
017 B Sea Zone  (12895,3562)  (12970,3487)  (12970,3637)  (12870,3637)  (12995,3562)  (12770,3687)  (13045,3412)  (13045,3712)  (13070,3487)  (13070,3637)  (13095,3562)  (12835,3762)  (12735,3762)  (13120,3337)  (13145,3412)  (13145,3712)  | overflowToLeft=false
018 Sea Zone  (12414,3876)  (12488,3951)  (12388,3951)  (12338,3801)  (12438,3801)  (12314,3876)  (12514,3876)  (12538,3752)  (12288,4001)  (12563,4026)  (12463,4026)  (12588,3951)  (12238,3801)  (12214,3926)  | overflowToLeft=false
019 A Sea Zone  (11775,3703)  (11849,3778)  (11749,3778)  (11699,3628)  (11675,3703)  (11649,3828)  (11924,3853)  (11824,3853)  (11624,3553)  (11949,3746)  (11599,3628)  (11575,3753)  (11549,3868)  (11549,3478)  (12024,3821)  (12024,3896)  | overflowToLeft=false
019 B Sea Zone  (11833,4033)  (11907,4108)  (11807,4108)  (11733,4033)  (11933,3979)  (11707,4114)  (12007,4054)  (12033,3979)  (11607,4114)  (11548,4039)  | overflowToLeft=false
020 Sea Zone  (10977,4207)  (10977,4282)  (10978,4357)  (11077,4139)  (11077,4214)  (11078,4289)  (11177,4102)  (11177,4177)  (11178,4252)  (11178,4327)  (11278,4346)  (11316,3978)  (11378,4279)  (11378,4354)  (11386,3902)  (11396,4195)  | overflowToLeft=false
021 A Sea Zone  (12397,4846)  (12471,4921)  (12371,4921)  (12321,4771)  (12297,4846)  (12497,4787)  (12271,4928)  (12537,4709)  (12571,4862)  (12221,4771)  (12197,4853)  (12597,4784)  | overflowToLeft=false
021 B Sea Zone  (12299,4378)  (12373,4453)  (12273,4453)  (12223,4303)  (12323,4303)  (12199,4378)  (12398,4528)  (12298,4528)  (12198,4528)  (12190,4228)  (12290,4228)  (12390,4228)  (12398,4603)  (12298,4603)  (12198,4603)  (12190,4153)  | overflowToLeft=false
022 A Sea Zone  (12870,4591)  (12944,4666)  (12844,4666)  (12794,4516)  (12894,4516)  (12770,4591)  (12970,4591)  (12994,4473)  (12744,4713)  (13044,4666)  (12694,4516)  (12670,4638)  (13070,4548)  (12594,4563)  (12594,4488)  | overflowToLeft=false
022 B Sea Zone  (12867,4212)  (12941,4287)  (12841,4287)  (12791,4137)  (12891,4137)  (12767,4212)  (12967,4212)  (12991,4107)  (12741,4337)  (13016,4362)  (12916,4362)  (13041,4287)  (12691,4137)  (12667,4262)  (13067,4182)  (12641,4398)  | overflowToLeft=false
023 Sea Zone  (13439,4277)  (13513,4352)  (13413,4352)  (13363,4202)  (13463,4202)  (13339,4277)  (13539,4277)  (13563,4153)  (13313,4402)  (13588,4427)  (13488,4427)  (13288,4127)  (13388,4127)  (13613,4352)  (13263,4202)  (13239,4327)  | overflowToLeft=false
024 Sea Zone  (13573,3637)  (13647,3712)  (13547,3712)  (13497,3562)  (13597,3562)  (13473,3637)  (13673,3637)  (13697,3513)  (13447,3762)  (13722,3787)  (13622,3787)  (13422,3487)  (13522,3487)  (13747,3712)  (13397,3562)  (13622,3438)  | overflowToLeft=false
025 A Sea Zone  (14124,3505)  (14198,3580)  (14098,3580)  (14048,3430)  (14148,3430)  (14024,3505)  (14224,3505)  (14248,3381)  (13998,3630)  (14273,3655)  (14173,3655)  (13973,3355)  (14073,3355)  (14298,3580)  (13948,3430)  (13924,3555)  | overflowToLeft=false
025 B Sea Zone  (14127,3979)  (14051,3904)  (14151,3904)  (14027,4032)  (14227,3979)  (14251,3855)  (13951,3957)  (13951,3882)  (13927,4032)  (14327,3930)  (14327,4005)  (14351,3836)  | overflowToLeft=false
026 A Sea Zone  (15250,3834)  (15324,3909)  (15224,3909)  (15174,3759)  (15274,3759)  (15150,3834)  (15350,3834)  (15374,3710)  (15124,3959)  (15395,3984)  (15295,3984)  (15099,3684)  (15199,3684)  (15074,3759)  (15050,3884)  (15299,3635)  | overflowToLeft=false
026 B Sea Zone  (14660,4180)  (14510,4120)  (14610,4120)  (14710,4120)  (14810,4120)  (14560,4180)  (14760,4180)  (14860,4180)  (14510,4240)  (14610,4240)  (14710,4240)  (14810,4240)  (14560,4300)  (14660,4300)  (14760,4300)  (14860,4300)  (14510,4360)  (14610,4360)  (14710,4360)  (14810,4360)  | overflowToLeft=false
027 Sea Zone  (15607,4505)  (15681,4580)  (15581,4580)  (15531,4430)  (15631,4430)  (15507,4505)  (15707,4505)  (15731,4381)  (15481,4630)  (15756,4655)  (15656,4655)  (15495,4355)  (15595,4355)  (15781,4580)  (15695,4306)  (15795,4306)  | overflowToLeft=false
028 Sea Zone  (16305,4873)  (16379,4948)  (16279,4948)  (16229,4798)  (16329,4798)  (16205,4873)  (16405,4873)  (16429,4749)  (16179,4998)  (16454,5023)  (16354,5023)  (16154,4723)  (16254,4723)  (16479,4948)  (16129,4798)  (16105,4923)  | overflowToLeft=false
029 Sea Zone  (15455,5180)  (15355,5120)  (15355,5180)  (15355,5240)  (15455,5120)  (15455,5240)  (15555,5120)  (15555,5180)  (15555,5240)  (15655,5120)  (15655,5180)  (15655,5240)  (15755,5120)  (15755,5180)  (15755,5240)  | overflowToLeft=false
030 A Sea Zone  (14774,4745)  (14848,4820)  (14748,4820)  (14698,4670)  (14798,4670)  (14674,4745)  (14874,4745)  (14898,4621)  (14923,4895)  (14823,4895)  (14723,4895)  (14623,4595)  (14723,4595)  (14948,4820)  (14598,4670)  (14974,4696)  | overflowToLeft=false
030 B Sea Zone  (14332,4970)  (14406,5045)  (14306,5045)  (14256,4895)  (14356,4895)  (14232,4970)  (14432,4970)  (14456,4846)  (14206,5095)  (14481,5120)  (14381,5120)  (14181,4820)  (14281,4820)  (14506,5045)  (14156,4895)  (14132,5020)  | overflowToLeft=false
031 A Sea Zone  (14066,4151)  (14140,4226)  (14040,4226)  (13966,4151)  (14166,4107)  (14240,4182)  (13866,4192)  (13866,4117)  (14266,4107)  (14340,4182)  (13766,4250)  (13766,4175)  (14366,4107)  | overflowToLeft=false
031 B Sea Zone  (14071,4402)  (14145,4477)  (14045,4477)  (13995,4327)  (14095,4327)  (13971,4402)  (14171,4402)  (14195,4326)  (13945,4485)  (14245,4477)  (13871,4410)  (14271,4401)  (14295,4326)  (13845,4485)  (14345,4476)  (13788,4335)  | overflowToLeft=false
032 A Sea Zone  (13689,5045)  (13763,5120)  (13663,5120)  (13636,4970)  (13736,4970)  (13589,5045)  (13789,5045)  (13563,5170)  (13836,4898)  (13838,5195)  (13738,5195)  (13667,4895)  (13863,5120)  (13489,5095)  (13889,4973)  (13767,4823)  | overflowToLeft=false
032 B Sea Zone  (13329,4651)  (13403,4726)  (13303,4726)  (13253,4576)  (13353,4576)  (13229,4651)  (13429,4651)  (13453,4560)  (13203,4743)  (13478,4801)  (13378,4801)  (13278,4818)  (13503,4726)  (13510,4876)  (13410,4876)  (13535,4951)  | overflowToLeft=false
033 A Sea Zone  (12995,4846)  (13093,4847)  (12997,4923)  (13094,4922)  (13192,4922)  (12996,5007)  (13094,5008)  (13196,5011)  (13294,5011)  (13146,5094)  (13244,5093)  (13338,5093)  (13202,5165)  (13298,5167)  | overflowToLeft=false
033 B Sea Zone  (12758,4809)  (12846,4810)  (12759,4893)  (12853,4895)  (12758,4975)  (12857,4978)  (12757,5061)  (12856,5061)  (12754,5140)  (12749,5318)  (12848,5317)  (12747,5376)  (12846,5376)  | overflowToLeft=false
034 A Sea Zone  (12353,5400)  (12427,5475)  (12327,5475)  (12277,5325)  (12377,5325)  (12253,5400)  (12453,5400)  (12477,5307)  (12227,5524)  (12202,5250)  (12527,5475)  (12553,5382)  (12577,5307)  (12190,5175)  (12627,5457)  (12190,5100)  | overflowToLeft=false
034 B Sea Zone  (12542,5055)  (12616,5130)  (12516,5130)  (12442,5055)  (12416,5180)  (12637,5205)  (12537,5205)  | overflowToLeft=false
035 A Sea Zone  (11925,4495)  (11775,4435)  (11875,4435)  (11975,4435)  (12075,4435)  (11825,4495)  (12025,4495)  (12125,4495)  (11775,4555)  (11875,4555)  (11975,4555)  (12075,4555)  (11825,4615)  (11925,4615)  (12025,4615)  (12125,4615)  (11775,4675)  (11875,4675)  (11975,4675)  (12075,4675)  | overflowToLeft=false
035 B Sea Zone  (11635,5059)  (11563,5058)  (11489,5058)  (11368,5132)  (11451,5132)  (11525,5133)  (11607,5137)  (11368,5216)  (11457,5218)  (11676,5226)  (11758,5230)  (11926,5239)  (12008,5241)  (11998,5157)  (11612,4984)  (11527,4987)  (11586,4912)  | overflowToLeft=false
036 A Sea Zone  (11025,4746)  (11099,4821)  (10999,4821)  (10978,4671)  (11078,4671)  (10925,4746)  (11125,4746)  (10899,4871)  (11174,4896)  (11074,4896)  (10977,4596)  (11077,4596)  (11177,4594)  (11178,4669)  (11199,4821)  (10825,4796)  | overflowToLeft=false
036 B Sea Zone  (10664,4328)  (10695,4403)  (10742,4248)  (10761,4478)  (10801,4553)  (10812,4628)  (10861,4427)  | overflowToLeft=false
037 Sea Zone  (10630,5163)  (10704,5238)  (10604,5238)  (10554,5088)  (10654,5088)  (10530,5163)  (10730,5163)  (10754,5039)  (10777,5313)  (10677,5313)  (10577,5313)  (10479,5013)  (10579,5013)  (10804,5238)  (10830,5114)  (10854,4989)  | overflowToLeft=false
038 A Sea Zone  (9795,4940)  (9695,4880)  (9795,4880)  (9895,4880)  (9695,4940)  (9895,4940)  (9695,5000)  (9795,5000)  (9895,5000)  (9695,5060)  (9795,5060)  (9895,5060)  (9695,5120)  (9795,5120)  (9895,5120)  | overflowToLeft=false
038 B Sea Zone  (9830,4467)  (9904,4542)  (9804,4542)  (9754,4392)  (9854,4392)  (9730,4467)  (9930,4467)  (9704,4592)  (9889,4617)  (9688,4317)  (9788,4317)  (9888,4317)  (10004,4542)  (10011,4617)  (9688,4242)  (9788,4242)  (10104,4539)  | overflowToLeft=false
039 A Sea Zone  (9272,5225)  (9346,5300)  (9246,5300)  (9196,5150)  (9296,5150)  (9172,5225)  (9372,5225)  (9396,5101)  (9146,5350)  (9421,5375)  (9321,5375)  (9121,5075)  (9221,5075)  (9446,5300)  (9096,5150)  (9072,5275)  (9362,5026)  | overflowToLeft=false
039 B Sea Zone  (9434,4601)  (9508,4676)  (9408,4676)  (9358,4526)  (9458,4526)  (9334,4601)  (9534,4601)  (9558,4477)  (9308,4726)  (9583,4751)  (9483,4751)  (9283,4451)  (9383,4451)  (9258,4526)  (9483,4402)  (9583,4402)  (9383,4801)  | overflowToLeft=false
040 Sea Zone  (9397,5798)  (9471,5873)  (9371,5873)  (9321,5723)  (9421,5723)  (9297,5798)  (9497,5798)  (9521,5674)  (9271,5923)  (9546,5948)  (9446,5948)  (9246,5648)  (9346,5648)  (9571,5873)  (9221,5723)  (9197,5848)  (9346,5998)  | overflowToLeft=false
041 A Sea Zone  (10428,6096)  (10353,6171)  (10328,6096)  (10318,6021)  (10574,5985)  (10281,5946)  (10253,6224)  (10580,5910)  (10228,6149)  (10218,6074)  (10210,5871)  (10181,5999)  (10597,5835)  (10153,6224)  (10135,5796)  (10603,5760)  | overflowToLeft=false
041 B Sea Zone  (9855,5657)  (9929,5732)  (9829,5732)  (9779,5582)  (9879,5582)  (9755,5657)  (9955,5657)  (9979,5533)  (9729,5782)  (10004,5807)  (9904,5807)  (9704,5507)  (9804,5507)  (10029,5732)  (9904,5458)  (10004,5458)  (9804,5857)  | overflowToLeft=false
041 C Sea Zone  (10123,6512)  (10197,6587)  (10097,6587)  (10135,6437)  (10023,6512)  (10223,6512)  (10235,6400)  (9997,6617)  (9979,6437)  (10133,6362)  (10297,6587)  (10233,6325)  (9923,6542)  (9897,6617)  (9879,6467)  (9823,6542)  | overflowToLeft=false
042 A Sea Zone  (11130,6460)  (10980,6400)  (11080,6400)  (11180,6400)  (11280,6400)  (11030,6460)  (11230,6460)  (11330,6460)  (10980,6520)  (11080,6520)  (11180,6520)  (11280,6520)  (11030,6580)  (11130,6580)  (11230,6580)  (11330,6580)  (10980,6640)  (11080,6640)  (11180,6640)  (11280,6640)  | overflowToLeft=false
042 B Sea Zone  (10560,6360)  (10410,6300)  (10510,6300)  (10610,6300)  (10710,6300)  (10460,6360)  (10660,6360)  (10760,6360)  (10410,6420)  (10510,6420)  (10610,6420)  (10710,6420)  (10460,6480)  (10560,6480)  (10660,6480)  (10760,6480)  (10410,6540)  (10510,6540)  (10610,6540)  (10710,6540)  | overflowToLeft=false
043 A Sea Zone  (10905,5360)  (10833,5435)  (10980,5285)  (11007,5210)  (11107,5140)  (11007,5135)  (11107,5065)  (11007,5060)  (11206,5215)  (11207,5040)  (11207,5115)  (11231,5423)  (11107,4990)  (10743,5785)  (10841,5860)  (10936,5935)  | overflowToLeft=false
043 B Sea Zone  (11210,5891)  (11246,5966)  (11146,5966)  (11166,5816)  (11110,5891)  (11188,5741)  (11046,6023)  (11239,5666)  | overflowToLeft=false
044 A Sea Zone  (11347,5876)  (11347,5995)  (11447,6000)  (11547,5955)  (11644,5774)  (11647,5921)  (11647,5996)  (11744,5774)  (11747,5849)  (11747,5924)  (11747,5999)  (11847,5855)  (11847,5930)  (11847,6005)  (11947,5884)  (11947,5959)  | overflowToLeft=false
044 B Sea Zone  (11480,5380)  (11380,5320)  (11380,5380)  (11380,5440)  (11480,5320)  (11480,5440)  (11580,5320)  (11580,5380)  (11580,5440)  (11680,5320)  (11680,5380)  (11680,5440)  (11780,5320)  (11780,5380)  (11780,5440)  | overflowToLeft=false
045 A Sea Zone  (12668,5611)  (12568,5648)  (12768,5599)  (12768,5674)  | overflowToLeft=false
045 B Sea Zone  (12230,5960)  (12080,5900)  (12180,5900)  (12280,5900)  (12380,5900)  (12130,5960)  (12330,5960)  (12430,5960)  (12080,6020)  (12180,6020)  (12280,6020)  (12380,6020)  (12130,6080)  (12230,6080)  (12330,6080)  (12430,6080)  (12080,6140)  (12180,6140)  (12280,6140)  (12380,6140)  | overflowToLeft=false
045 C Sea Zone  (12586,6186)  (12553,6111)  (12521,6036)  (12621,6036)  (12521,5961)  | overflowToLeft=false
046 A Sea Zone  (13110,5554)  (13184,5629)  (13084,5629)  (13034,5479)  (13134,5479)  (13010,5554)  (13210,5554)  (13234,5434)  (12984,5679)  (13259,5704)  (13159,5704)  (13284,5629)  (12934,5479)  (13059,5754)  (13310,5509)  (13312,5779)  (13212,5779)  (12834,5524)  (12834,5449)  (13312,5854)  | overflowToLeft=false
046 B Sea Zone  (13372,6329)  (13272,6351)  (13494,6201)  (13245,6276)  (13181,6201)  (13172,6351)  (13410,6126)  (13510,6126)  (13574,6350)  (13594,6201)  (13145,6276)  (13610,6095)  (13072,6351)  (13674,6276)  (13674,6351)  (13045,6276)  (12972,6351)  (12945,6276)  (12872,6351)  (12845,6276)  | overflowToLeft=false
047 Sea Zone  (13643,5535)  (13717,5610)  (13617,5610)  (13567,5460)  (13667,5460)  (13543,5535)  (13743,5535)  (13767,5411)  (13517,5660)  (13792,5685)  (13692,5685)  (13492,5385)  (13592,5385)  (13467,5460)  (13443,5585)  (13692,5336)  | overflowToLeft=false
048 Sea Zone  (14090,5640)  (13940,5580)  (14040,5580)  (14140,5580)  (14240,5580)  (13990,5640)  (14190,5640)  (14290,5640)  (13940,5700)  (14040,5700)  (14140,5700)  (14240,5700)  (13990,5760)  (14090,5760)  (14190,5760)  (14290,5760)  (13940,5820)  (14040,5820)  (14140,5820)  (14240,5820)  | overflowToLeft=false
049 Sea Zone  (14175,6010)  (14075,5950)  (14075,6010)  (14075,6070)  (14175,5950)  (14175,6070)  (14275,5950)  (14275,6010)  (14275,6070)  (14375,5950)  (14375,6010)  (14375,6070)  (14475,5950)  (14475,6010)  (14475,6070)  | overflowToLeft=false
050 Sea Zone  (15000,5930)  (14900,5870)  (14900,5930)  (14900,5990)  (15000,5870)  (15000,5990)  (15100,5870)  (15100,5930)  (15100,5990)  (15200,5870)  (15200,5930)  (15200,5990)  (15300,5870)  (15300,5930)  (15300,5990)  | overflowToLeft=false
051 Sea Zone  (16285,5730)  (16135,5670)  (16235,5670)  (16335,5670)  (16435,5670)  (16185,5730)  (16385,5730)  (16485,5730)  (16135,5790)  (16235,5790)  (16335,5790)  (16435,5790)  (16185,5850)  (16285,5850)  (16385,5850)  (16485,5850)  (16135,5910)  (16235,5910)  (16335,5910)  (16435,5910)  | overflowToLeft=false
052 Sea Zone  (16162,7350)  (16236,7425)  (16136,7425)  (16086,7275)  (16186,7275)  (16062,7350)  (16262,7350)  (16286,7226)  (16036,7475)  (16311,7500)  (16211,7500)  (16011,7200)  (16111,7200)  (16336,7425)  (15986,7275)  (15962,7400)  | overflowToLeft=false
053 Sea Zone  (14265,6605)  (14115,6545)  (14215,6545)  (14315,6545)  (14415,6545)  (14165,6605)  (14365,6605)  (14465,6605)  (14115,6665)  (14215,6665)  (14315,6665)  (14415,6665)  (14165,6725)  (14265,6725)  (14365,6725)  (14465,6725)  (14115,6785)  (14215,6785)  (14315,6785)  (14415,6785)  | overflowToLeft=false
054 Sea Zone  (13536,6695)  (13610,6770)  (13510,6770)  (13460,6620)  (13560,6620)  (13436,6695)  (13636,6695)  (13660,6571)  (13410,6820)  (13685,6845)  (13585,6845)  (13385,6545)  (13485,6545)  (13710,6770)  (13360,6620)  (13336,6745)  | overflowToLeft=false
055 Sea Zone  (12255,6394)  (12329,6469)  (12229,6469)  (12179,6319)  (12279,6319)  (12155,6394)  (12355,6394)  (12379,6309)  (12129,6519)  (12079,6319)  (12055,6444)  (12073,6594)  (12479,6309)  (11981,6669)  (11973,6594)  (12549,6384)  | overflowToLeft=false
056 Sea Zone  (11434,7211)  (11508,7286)  (11408,7286)  (11358,7136)  (11458,7136)  (11334,7211)  (11534,7211)  (11558,7087)  (11308,7336)  (11583,7361)  (11483,7361)  (11283,7061)  (11383,7061)  (11608,7286)  (11258,7136)  (11234,7261)  | overflowToLeft=false
057 Sea Zone  (10592,6995)  (10666,7070)  (10566,7070)  (10516,6920)  (10616,6920)  (10492,6995)  (10692,6995)  (10716,6871)  (10466,7120)  (10741,7145)  (10641,7145)  (10441,6845)  (10541,6845)  (10766,7070)  (10416,6920)  (10392,7045)  | overflowToLeft=false
058 Sea Zone  (9373,6944)  (9447,7019)  (9347,7019)  (9297,6869)  (9397,6869)  (9273,6944)  (9473,6944)  (9497,6820)  (9247,7069)  (9522,7094)  (9422,7094)  (9222,6794)  (9322,6794)  (9547,7019)  (9197,6869)  (9173,6994)  (9422,6745)  | overflowToLeft=false
059 Sea Zone  (9476,7592)  (9550,7667)  (9450,7667)  (9400,7517)  (9500,7517)  (9376,7592)  (9576,7592)  (9600,7468)  (9350,7717)  (9625,7742)  (9525,7742)  (9325,7442)  (9425,7442)  (9650,7667)  (9300,7517)  (9276,7642)  (9525,7393)  | overflowToLeft=false
060 Sea Zone  (10507,7582)  (10581,7657)  (10481,7657)  (10431,7507)  (10531,7507)  (10407,7582)  (10607,7582)  (10631,7458)  (10381,7707)  (10656,7732)  (10556,7732)  (10356,7432)  (10456,7432)  (10681,7657)  (10331,7507)  (10307,7632)  | overflowToLeft=false
061 Sea Zone  (12467,7655)  (12541,7730)  (12441,7730)  (12391,7580)  (12491,7580)  (12367,7655)  (12567,7655)  (12341,7780)  (12616,7805)  (12516,7805)  (12316,7505)  (12416,7505)  (12516,7505)  (12641,7730)  (12291,7580)  (12267,7705)  | overflowToLeft=false
062 Sea Zone  (13480,7635)  (13330,7560)  (13430,7560)  (13530,7560)  (13630,7560)  (13380,7635)  (13580,7635)  (13680,7635)  (13330,7710)  (13430,7710)  (13530,7710)  (13630,7710)  (13380,7785)  (13480,7785)  (13580,7785)  (13680,7785)  | overflowToLeft=false
063 Sea Zone  (14160,7190)  (14010,7130)  (14110,7130)  (14210,7130)  (14310,7130)  (14060,7190)  (14260,7190)  (14360,7190)  (14010,7250)  (14110,7250)  (14210,7250)  (14310,7250)  (14060,7310)  (14160,7310)  (14260,7310)  (14360,7310)  (14010,7370)  (14110,7370)  (14210,7370)  (14310,7370)  | overflowToLeft=false
064 Sea Zone  (300,4210)  (150,4150)  (250,4150)  (350,4150)  (450,4150)  (200,4210)  (400,4210)  (500,4210)  (150,4270)  (250,4270)  (350,4270)  (450,4270)  (200,4330)  (300,4330)  (400,4330)  (500,4330)  (150,4390)  (250,4390)  (350,4390)  (450,4390)  | overflowToLeft=false
065 Sea Zone  (345,5478)  (419,5553)  (319,5553)  (269,5403)  (369,5403)  (245,5478)  (445,5478)  (469,5354)  (219,5603)  (494,5628)  (394,5628)  (194,5328)  (294,5328)  (519,5553)  (169,5403)  (145,5528)  (394,5279)  (494,5279)  | overflowToLeft=false
066 Sea Zone  (391,7068)  (465,7143)  (365,7143)  (315,6993)  (415,6993)  (291,7068)  (491,7068)  (515,6944)  (265,7193)  (540,7218)  (440,7218)  (240,6918)  (340,6918)  (565,7143)  (215,6993)  (191,7118)  (440,6869)  (540,6869)  | overflowToLeft=false
067 Sea Zone  (2470,7230)  (2320,7170)  (2420,7170)  (2520,7170)  (2620,7170)  (2370,7230)  (2570,7230)  (2670,7230)  (2320,7290)  (2420,7290)  (2520,7290)  (2620,7290)  (2370,7350)  (2470,7350)  (2570,7350)  (2670,7350)  (2320,7410)  (2420,7410)  (2520,7410)  (2620,7410)  | overflowToLeft=false
068 Sea Zone  (3850,7307)  (3924,7382)  (3824,7382)  (3774,7232)  (3874,7232)  (3750,7307)  (3950,7307)  (3974,7183)  (3724,7432)  (3999,7457)  (3899,7457)  (3772,7157)  (3872,7157)  (4024,7382)  (3674,7232)  (3650,7357)  (3972,7108)  | overflowToLeft=false
069 Sea Zone  (4844,7236)  (4918,7311)  (4818,7311)  (4768,7161)  (4868,7161)  (4744,7236)  (4944,7236)  (4968,7112)  (4718,7361)  (4993,7386)  (4893,7386)  (4693,7086)  (4793,7086)  (5018,7311)  (4668,7161)  (4644,7286)  (4893,7037)  | overflowToLeft=false
070 Sea Zone  (5556,7056)  (5630,7131)  (5530,7131)  (5480,6981)  (5580,6981)  (5456,7056)  (5656,7056)  (5680,6932)  (5430,7181)  (5705,7206)  (5605,7206)  (5405,6906)  (5505,6906)  (5730,7131)  (5380,6981)  (5356,7106)  (5605,6857)  | overflowToLeft=false
071 A Sea Zone  (6219,7616)  (6293,7691)  (6193,7691)  (6192,7541)  (6119,7616)  (6319,7542)  (6093,7741)  (6368,7766)  (6268,7766)  (6019,7666)  (6019,7591)  (6168,7816)  (6068,7816)  (6380,7841)  (6280,7841)  (5993,7741)  (5968,7866)  | overflowToLeft=false
071 B Sea Zone  (6732,7369)  (6806,7444)  (6706,7444)  (6704,7294)  (6804,7294)  (6832,7369)  (6606,7494)  (6606,7419)  (6881,7519)  (6781,7519)  (6728,7219)  (6828,7219)  (6681,7569)  (6581,7569)  (6900,7594)  (6800,7594)  (6738,7144)  | overflowToLeft=false
072 A Sea Zone  (7300,5930)  (7150,5870)  (7250,5870)  (7350,5870)  (7450,5870)  (7200,5930)  (7400,5930)  (7500,5930)  (7150,5990)  (7250,5990)  (7350,5990)  (7450,5990)  (7200,6050)  (7300,6050)  (7400,6050)  (7500,6050)  (7150,6110)  (7250,6110)  (7350,6110)  (7450,6110)  | overflowToLeft=false
072 B Sea Zone  (7695,6075)  (7595,6015)  (7695,6015)  (7795,6015)  (7895,6015)  (7595,6075)  (7795,6075)  (7895,6075)  (7595,6135)  (7695,6135)  (7795,6135)  (7895,6135)  (7595,6195)  (7695,6195)  (7795,6195)  (7895,6195)  (7595,6255)  (7695,6255)  (7795,6255)  (7895,6255)  | overflowToLeft=false
072 C Sea Zone  (7365,7314)  (7439,7389)  (7339,7389)  (7289,7239)  (7389,7239)  (7265,7314)  (7465,7314)  (7489,7190)  (7239,7439)  (7514,7464)  (7414,7464)  (7214,7164)  (7539,7389)  (7189,7239)  (7165,7364)  (7552,7115)  (7314,7514)  | overflowToLeft=false
073 Sea Zone  (8208,7586)  (8282,7661)  (8182,7661)  (8132,7511)  (8232,7511)  (8108,7586)  (8308,7586)  (8332,7462)  (8082,7711)  (8357,7736)  (8257,7736)  (8057,7436)  (8157,7436)  (8382,7661)  (8032,7511)  (8008,7636)  (8157,7786)  | overflowToLeft=false
074 Sea Zone  (8848,7589)  (8922,7664)  (8822,7664)  (8772,7514)  (8872,7514)  (8748,7589)  (8948,7589)  (8972,7465)  (8722,7714)  (8997,7739)  (8897,7739)  (8697,7439)  (8797,7439)  (9022,7664)  (8672,7514)  (8648,7639)  (8797,7789)  | overflowToLeft=false
075 Sea Zone  (8476,6997)  (8550,7072)  (8450,7072)  (8400,6922)  (8500,6922)  (8376,6997)  (8576,6997)  (8600,6873)  (8350,7122)  (8625,7147)  (8525,7147)  (8325,6847)  (8425,6847)  (8650,7072)  (8300,6922)  (8276,7047)  (8525,6798)  | overflowToLeft=false
076 Sea Zone  (7247,4873)  (7272,4948)  (7293,5023)  (7345,5098)  (7347,4873)  (7384,5630)  (7393,5004)  (7445,5079)  (7446,5554)  (7484,5629)  (7490,5479)  (7520,5004)  (7529,5402)  (7545,5079)  (7546,5554)  (7561,5324)  (7584,5629)  | overflowToLeft=false
077 Sea Zone  (8200,5751)  (8274,5826)  (8174,5826)  (8124,5676)  (8224,5676)  (8100,5751)  (8300,5751)  (8324,5627)  (8074,5876)  (8349,5901)  (8249,5901)  (8049,5601)  (8149,5601)  (8374,5826)  (8024,5676)  (8000,5801)  (8249,5552)  | overflowToLeft=false
078 Sea Zone  (8889,5802)  (8963,5877)  (8863,5877)  (8813,5727)  (8913,5727)  (8789,5802)  (8989,5802)  (9013,5678)  (8763,5927)  (9038,5952)  (8938,5952)  (8738,5652)  (8838,5652)  (9063,5877)  (8713,5727)  (8689,5852)  (8938,5603)  | overflowToLeft=false
079 A Sea Zone  (8639,5311)  (8713,5386)  (8613,5386)  (8563,5236)  (8663,5236)  (8539,5311)  (8739,5311)  (8763,5187)  (8513,5436)  (8788,5461)  (8688,5461)  (8488,5161)  (8588,5161)  (8813,5386)  (8463,5236)  (8588,5511)  (8488,5511)  | overflowToLeft=false
079 B Sea Zone  (8633,4737)  (8707,4812)  (8607,4812)  (8557,4662)  (8657,4662)  (8533,4737)  (8733,4737)  (8757,4613)  (8507,4862)  (8782,4887)  (8682,4887)  (8482,4587)  (8582,4587)  (8807,4812)  (8682,4538)  (8582,4937)  (8482,4937)  | overflowToLeft=false
079 C Sea Zone  (8538,4353)  (8612,4428)  (8512,4428)  (8462,4278)  (8638,4336)  (8460,4203)  (8712,4433)  | overflowToLeft=false
080 A Sea Zone  (8360,4096)  (8112,4016)  (8073,4091)  (8360,4440)  (8012,4005)  (7960,3930)  (8360,4515)  (7896,3855)  (8360,4590)  (7860,3941)  | overflowToLeft=false
080 B Sea Zone  (8167,4973)  (8241,5048)  (8141,5048)  (8091,4898)  (8191,4898)  (8067,4973)  (8267,4973)  (8291,4849)  (8041,5098)  (8316,5123)  (8216,5123)  (8016,4823)  (8116,4823)  (8341,5048)  (7991,4898)  (7967,5023)  (8216,4774)  | overflowToLeft=false
081 Sea Zone  (7194,4519)  (7268,4594)  (7168,4594)  (7118,4444)  (7300,4669)  (7200,4669)  (7058,4369)  (7158,4369)  (7347,4744)  (7247,4744)  | overflowToLeft=false
082 Sea Zone  (5209,5738)  (5283,5813)  (5183,5813)  (5133,5663)  (5233,5663)  (5109,5738)  (5309,5738)  (5333,5614)  (5358,5888)  (5258,5888)  (5158,5888)  (5108,5588)  (5208,5588)  (5383,5813)  (5308,5539)  (5408,5539)  (5409,5689)  | overflowToLeft=false
083 Sea Zone  (4699,5735)  (4773,5810)  (4673,5810)  (4623,5660)  (4723,5660)  (4599,5735)  (4799,5735)  (4823,5611)  (4573,5860)  (4848,5885)  (4748,5885)  (4548,5585)  (4648,5585)  (4873,5810)  (4523,5660)  (4499,5785)  (4748,5536)  | overflowToLeft=false
084 Sea Zone  (3537,6564)  (3611,6639)  (3511,6639)  (3461,6489)  (3561,6489)  (3437,6564)  (3637,6564)  (3661,6440)  (3411,6689)  (3671,6714)  (3571,6714)  (3386,6414)  (3486,6414)  (3711,6639)  (3361,6489)  (3337,6614)  (3586,6365)  | overflowToLeft=false
085 Sea Zone  (2483,6377)  (2557,6452)  (2457,6452)  (2407,6302)  (2507,6302)  (2383,6377)  (2583,6377)  (2607,6253)  (2357,6502)  (2632,6527)  (2532,6527)  (2332,6227)  (2432,6227)  (2657,6452)  (2307,6302)  (2283,6427)  (2532,6178)  | overflowToLeft=false
086 Sea Zone  (2915,5580)  (2989,5655)  (2889,5655)  (2839,5505)  (2939,5505)  (2815,5580)  (3015,5580)  (3039,5456)  (2789,5705)  (3064,5730)  (2964,5730)  (2784,5430)  (2884,5430)  (3089,5655)  (2715,5534)  (2984,5381)  (3084,5381)  | overflowToLeft=false
087 A Sea Zone  (3680,5220)  (3530,5160)  (3630,5160)  (3730,5160)  (3830,5160)  (3580,5220)  (3780,5220)  (3880,5220)  (3530,5280)  (3630,5280)  (3730,5280)  (3830,5280)  (3580,5340)  (3680,5340)  (3780,5340)  (3880,5340)  (3530,5400)  (3630,5400)  (3730,5400)  (3830,5400)  | overflowToLeft=false
087 B Sea Zone  (3804,4403)  (3878,4478)  (3778,4478)  (3728,4328)  (3828,4328)  (3704,4403)  (3904,4403)  (3928,4279)  (3678,4528)  (3953,4553)  (3853,4553)  (3653,4253)  (3753,4253)  (3978,4478)  (3628,4328)  (3604,4453)  (3853,4204)  | overflowToLeft=false
087 C Sea Zone  (3139,4417)  (3213,4492)  (3113,4492)  (3063,4342)  (3163,4342)  (3039,4417)  (3239,4417)  (3263,4293)  (3013,4542)  (3288,4567)  (3188,4567)  (2988,4267)  (3088,4267)  (3313,4492)  (2963,4342)  (2939,4467)  (3188,4218)  | overflowToLeft=false
088 A Sea Zone  (2563,4128)  (2637,4203)  (2537,4203)  (2487,4053)  (2587,4053)  (2463,4128)  (2663,4128)  (2687,4004)  (2437,4253)  (2712,4278)  (2612,4278)  (2412,3978)  (2512,3978)  (2737,4203)  (2387,4053)  (2363,4178)  (2612,3929)  | overflowToLeft=false
088 B Sea Zone  (2859,4860)  (2933,4935)  (2833,4935)  (2783,4785)  (2883,4785)  (2759,4860)  (2959,4860)  (2983,4763)  (2733,4985)  (3008,5010)  (2908,5010)  (3033,4935)  (2683,4785)  (2659,4910)  (2808,5060)  (3059,4838)  (3083,4763)  | overflowToLeft=false
089 A Sea Zone  (310,3420)  (325,3562)  (379,3637)  (410,3397)  (410,3472)  (425,3547)  (479,3622)  (510,3397)  (510,3472)  (525,3547)  (610,3397)  (710,3397)  (776,3793)  (804,3621)  (805,3696)  (810,3397)  (842,3472)  (876,3771)  | overflowToLeft=false
089 B Sea Zone  (1530,3870)  (1380,3810)  (1480,3810)  (1580,3810)  (1680,3810)  (1430,3870)  (1630,3870)  (1730,3870)  (1380,3930)  (1480,3930)  (1580,3930)  (1680,3930)  (1430,3990)  (1530,3990)  (1630,3990)  (1730,3990)  (1380,4050)  (1480,4050)  (1580,4050)  (1680,4050)  | overflowToLeft=false
089 C Sea Zone  (2040,3500)  (1940,3400)  (2040,3400)  (2140,3400)  (1940,3500)  (2140,3500)  (1940,3600)  (2040,3600)  (2140,3600)  (1940,3700)  (2040,3700)  (2140,3700)  | overflowToLeft=false
089 D Sea Zone  (1211,4148)  (1144,4073)  (1294,4223)  (1194,4223)  (1111,4148)  (1094,4265)  (1044,4073)  (1394,4166)  (994,4296)  (1494,4166)  (1549,4241)  (1594,4166)  | overflowToLeft=false
090 Sea Zone  (2683,3437)  (2757,3512)  (2657,3512)  (2607,3362)  (2707,3362)  (2583,3437)  (2783,3437)  (2807,3313)  (2557,3562)  (2832,3587)  (2732,3587)  (2532,3287)  (2632,3287)  (2857,3512)  (2507,3362)  (2483,3487)  (2632,3637)  | overflowToLeft=false
091 A Sea Zone  (3870,3540)  (3720,3480)  (3820,3480)  (3920,3480)  (4020,3480)  (3770,3540)  (3970,3540)  (4070,3540)  (3720,3600)  (3820,3600)  (3920,3600)  (4020,3600)  (3770,3660)  (3870,3660)  (3970,3660)  (4070,3660)  (3720,3720)  (3820,3720)  (3920,3720)  (4020,3720)  | overflowToLeft=false
091 B Sea Zone  (3370,3804)  (3444,3879)  (3344,3879)  (3294,3729)  (3394,3729)  (3270,3804)  (3470,3804)  (3494,3680)  (3244,3929)  (3519,3954)  (3419,3954)  (3219,3654)  (3319,3654)  (3544,3879)  (3194,3729)  (3170,3854)  (3419,3605)  | overflowToLeft=false
092 Sea Zone  (4797,3634)  (4871,3709)  (4771,3709)  (4721,3559)  (4821,3559)  (4697,3634)  (4897,3634)  (4921,3510)  (4671,3759)  (4847,3784)  (4971,3709)  (4597,3684)  (4597,3609)  (4708,3834)  (4997,3585)  (5021,3450)  (4571,3801)  | overflowToLeft=false
093 Sea Zone  (4864,3370)  (4964,3348)  (5004,3162)  (5055,3087)  (5064,3304)  (5077,3012)  (5104,3162)  (5155,3087)  (5164,3237)  (5164,3312)  (5204,3162)  (5255,3067)  (5264,3237)  (5264,3312)  (5304,3142)  | overflowToLeft=false
094 Sea Zone  (5434,3619)  (5508,3694)  (5408,3694)  (5358,3544)  (5334,3619)  (5308,3737)  (5583,3769)  (5283,3469)  (5258,3544)  (5234,3662)  (5657,3844)  (5183,3469)  (5158,3587)  (5582,3919)  | overflowToLeft=false
095 A Sea Zone  (5581,3130)  (5615,3205)  | overflowToLeft=false
095 B Sea Zone  (5808,3729)  (5911,3760)  (5719,3659)  (5634,3571)  (5577,3493)  (5703,3490)  (5821,3490)  (5630,3398)  (5765,3397)  | overflowToLeft=false
096 A Sea Zone  (5697,3979)  (5772,3904)  (5797,3979)  (5897,3923)  (5897,3998)  (5941,3844)  (5965,4073)  (5997,3919)  (5997,3994)  | overflowToLeft=false
096 B Sea Zone  (6288,3907)  (6362,3982)  (6262,3982)  (6188,3907)  (6388,3843)  | overflowToLeft=false
097 A Sea Zone  (6161,3571)  (6235,3646)  (6135,3646)  (6091,3496)  (6191,3496)  (6061,3571)  (6035,3696)  (6310,3721)  (6210,3721)  (6164,3421)  | overflowToLeft=false
097 B Sea Zone  (5956,3096)  (6030,3171)  (5885,3021)  (6105,3246)  (5838,2946)  | overflowToLeft=false
098 Sea Zone  (6759,3916)  (6833,3991)  (6733,3991)  (6659,3916)  (6859,3843)  (6633,4041)  (6933,3918)  (6559,3966)  (6559,3891)  (6959,3843)  | overflowToLeft=false
099 A Sea Zone  (6548,3450)  (6619,3525)  (6631,3600)  (6531,3605)  (6631,3675)  (6463,3727)  | overflowToLeft=false
099 B Sea Zone  (6828,3767)  (6908,3676)  (6928,3751)  (7008,3643)  (7028,3718)  | overflowToLeft=false
100 A Sea Zone  (6891,3082)  (6791,3131)  (6991,3073)  | overflowToLeft=false
100 B Sea Zone  (6902,2921)  (6976,2996)  (6876,2996)  (6890,2846)  | overflowToLeft=false
100 C Sea Zone  (7243,2892)  (7143,2934)  (7343,2928)  (7187,2751)  | overflowToLeft=false
100 D Sea Zone  (7257,3045)  (7157,3067)  (7357,3009)  (7357,3084)  (7457,3009)  | overflowToLeft=false
101 A Sea Zone  (1611,2426)  (1685,2501)  (1585,2501)  (1535,2351)  (1635,2351)  (1511,2426)  (1711,2426)  (1735,2302)  (1485,2551)  (1760,2576)  (1660,2576)  (1545,2276)  (1785,2501)  (1411,2476)  (1645,2227)  (1811,2377)  (1599,2152)  | overflowToLeft=false
101 B Sea Zone  (1199,2962)  (1217,3037)  (1144,2887)  (1244,2887)  (1299,2962)  (1344,2817)  (1217,3112)  (1209,2812)  (1399,2892)  (1399,2967)  (1309,2742)  (1409,2742)  (1217,3187)  (971,3190)  (1444,2817)  (938,3115)  (936,3040)  | overflowToLeft=false
101 C Sea Zone  (1605,3294)  (1679,3369)  (1579,3369)  (1529,3219)  (1629,3219)  (1505,3294)  (1705,3294)  (1729,3170)  (1479,3419)  (1454,3144)  (1554,3144)  (1779,3369)  (1429,3219)  (1405,3344)  (1662,3095)  (1762,3095)  (1805,3245)  | overflowToLeft=false
102 Sea Zone  (2739,2891)  (2813,2966)  (2713,2966)  (2663,2816)  (2763,2816)  (2639,2891)  (2839,2891)  (2863,2767)  (2613,3016)  (2870,3041)  (2770,3041)  (2588,2741)  (2688,2741)  (2563,2816)  (2539,2941)  (2788,2692)  (2670,3091)  | overflowToLeft=false
103 Sea Zone  (3250,2889)  (3324,2964)  (3224,2964)  (3174,2814)  (3274,2814)  (3150,2889)  (3350,2889)  (3374,2765)  (3124,3014)  (3399,3039)  (3299,3039)  (3099,2739)  (3199,2739)  (3424,2964)  (3074,2814)  (3050,2939)  (3299,2690)  | overflowToLeft=false
104 Sea Zone  (3898,2684)  (3972,2759)  (3872,2759)  (3822,2609)  (3922,2609)  (3798,2684)  (3998,2684)  (4022,2560)  (3772,2809)  (4047,2834)  (3947,2834)  (3747,2534)  (3847,2534)  (4072,2759)  (3722,2609)  (3698,2734)  (3947,2485)  | overflowToLeft=false
105 Sea Zone  (4450,2522)  (4524,2597)  (4424,2597)  (4374,2447)  (4474,2447)  (4350,2522)  (4550,2522)  (4574,2398)  (4324,2647)  (4599,2672)  (4499,2672)  (4299,2372)  (4399,2372)  (4624,2597)  (4274,2447)  (4250,2572)  (4399,2722)  | overflowToLeft=false
106 Sea Zone  (2188,2142)  (2262,2217)  (2162,2217)  (2112,2067)  (2212,2067)  (2088,2142)  (2288,2142)  (2312,2018)  (2062,2267)  (2337,2292)  (2237,2292)  (2037,1992)  (2137,1992)  (2362,2217)  (2012,2067)  (1988,2192)  (2237,1943)  | overflowToLeft=false
107 Sea Zone  (3120,2217)  (3194,2292)  (3094,2292)  (3044,2142)  (3144,2142)  (3020,2217)  (3220,2217)  (3244,2093)  (2994,2342)  (3269,2367)  (3169,2367)  (3294,2292)  (2944,2142)  (2920,2267)  (3320,2168)  (3344,2069)  (2894,2415)  | overflowToLeft=false
108 Sea Zone  (3727,1946)  (3801,2021)  (3701,2021)  (3651,1871)  (3751,1871)  (3627,1946)  (3827,1946)  (3851,1822)  (3601,2071)  (3871,2096)  (3771,2096)  (3576,1796)  (3676,1796)  (3901,2021)  (3551,1871)  (3776,1747)  (3876,1747)  | overflowToLeft=false
109 Sea Zone  (4239,1663)  (4313,1738)  (4213,1738)  (4163,1588)  (4263,1588)  (4139,1663)  (4113,1788)  (4388,1813)  (4288,1813)  (4088,1513)  (4188,1513)  (4288,1493)  (4413,1672)  (4063,1588)  (4039,1713)  (4188,1863)  (4088,1863)  | overflowToLeft=false
110 A Sea Zone  (4849,1953)  (4923,2028)  (4823,2028)  (4749,1953)  (4949,1934)  (4723,2078)  (5023,2009)  (4649,2003)  (4649,1928)  (4805,2153)  (5049,1934)  (4623,2118)  (4549,2043)  (4549,1968)  (4523,2145)  (4449,2070)  (4449,1995)  | overflowToLeft=false
110 B Sea Zone  (5296,1647)  (5370,1722)  (5270,1722)  (5220,1572)  (5320,1572)  (5196,1647)  (5396,1647)  (5420,1570)  (5445,1797)  (5345,1797)  (5245,1797)  (5145,1497)  (5245,1497)  (5345,1495)  (5470,1722)  (5120,1572)  (5496,1646)  | overflowToLeft=false
111 A Sea Zone  (5178,1154)  (5252,1229)  (5152,1229)  (5102,1079)  (5202,1079)  (5078,1154)  (5052,1281)  (5258,1304)  (5158,1304)  (5027,1004)  (5127,1004)  (5227,1004)  (4927,1019)  (4827,1007)  | overflowToLeft=false
111 B Sea Zone  (4824,599)  (4824,674)  (4824,749)  (4824,824)  (4824,899)  (4924,599)  (4924,674)  (4924,749)  (4924,824)  (4924,899)  (5024,599)  (5024,674)  (5024,749)  (5024,824)  (5024,899)  (5124,599)  (5124,674)  (5124,749)  | overflowToLeft=false
112 Sea Zone  (5490,1365)  (5564,1440)  (5414,1290)  (5514,1290)  (5390,1365)  (5590,1365)  (5639,1515)  (5358,1215)  (5458,1215)  (5558,1215)  (5664,1440)  (5690,1363)  (5644,1590)  (5358,1140)  (5458,1140)  (5558,1140)  (5630,1665)  | overflowToLeft=false
113 A Sea Zone  (5850,1427)  (5853,1352)  | overflowToLeft=false
113 B Sea Zone  (6017,1768)  (6054,1693)  (6081,1770)  (6118,1693)  (6116,1633)  (5876,1818)  (5938,1819)  (5996,1820)  (6055,1820)  (6117,1820)  | overflowToLeft=false
114 Sea Zone  (6287,1652)  (6361,1727)  (6261,1727)  (6211,1577)  (6311,1577)  (6187,1652)  (6215,1802)  (6257,1502)  (6357,1502)  (6281,1427)  (6363,1174)  | overflowToLeft=false
115 Sea Zone  (6498,1351)  (6537,1426)  (6464,1276)  (6537,1501)  (6464,1201)  (6670,1339)  (6464,1126)  (6464,997)  (6520,922)  (6571,847)  | overflowToLeft=false
116 Sea Zone  (2653,1329)  (2727,1404)  (2627,1404)  (2577,1254)  (2677,1254)  (2553,1329)  (2753,1329)  (2777,1205)  (2527,1454)  (2802,1479)  (2702,1479)  (2827,1404)  (2477,1254)  (2453,1379)  (2774,1130)  (2602,1529)  (2502,1529)  | overflowToLeft=false
117 Sea Zone  (3303,1572)  (3377,1647)  (3277,1647)  (3227,1497)  (3327,1497)  (3203,1572)  (3403,1572)  (3427,1448)  (3177,1697)  (3431,1722)  (3331,1722)  (3158,1422)  (3258,1422)  (3103,1622)  (3358,1373)  (3231,1772)  (3131,1772)  | overflowToLeft=false
118 Sea Zone  (3741,1331)  (3815,1406)  (3715,1406)  (3665,1256)  (3765,1256)  (3641,1331)  (3841,1331)  (3865,1207)  (3615,1456)  (3890,1481)  (3790,1481)  (3590,1181)  (3690,1181)  (3915,1406)  (3565,1256)  (3541,1381)  (3790,1132)  | overflowToLeft=false
119 Sea Zone  (4459,1133)  (4533,1208)  (4433,1208)  (4383,1058)  (4483,1058)  (4359,1133)  (4559,1133)  (4583,1009)  (4333,1258)  (4508,1283)  (4308,983)  (4408,983)  (4633,1208)  (4283,1058)  (4259,1183)  (4508,934)  (4608,934)  | overflowToLeft=false
120 Sea Zone  (660,1136)  (734,1211)  (634,1211)  (584,1061)  (684,1061)  (560,1136)  (760,1136)  (784,1012)  (534,1261)  (809,1286)  (709,1286)  (509,986)  (609,986)  (834,1211)  (484,1061)  (709,937)  (809,937)  (609,1336)  (860,1087)  | overflowToLeft=false
121 A Sea Zone  (1788,1047)  (1754,972)  (1688,1111)  (1754,897)  (1588,1109)  (1740,822)  (1840,822)  (1488,1144)  (1488,1069)  (1708,747)  (1808,747)  (1710,672)  (1810,672)  (1714,597)  (1591,480)  (1477,450)  (1442,375)  (1342,302)  | overflowToLeft=false
121 B Sea Zone  (2583,940)  (2657,1015)  (2557,1015)  (2594,865)  (2683,940)  (2694,829)  (2457,1065)  (2639,1090)  (2198,1111)  (2137,544)  (2098,1111)  (2042,469)  (2037,588)  (2029,1036)  (2029,394)  (1998,1111)  (1994,673)  (1987,961)  | overflowToLeft=false
122 Sea Zone  (3295,701)  (3369,776)  (3269,776)  (3294,626)  (3195,701)  (3394,602)  (3395,677)  (3169,826)  (3467,527)  (3469,752)  (3095,751)  (3095,676)  (3494,602)  (3204,901)  (3104,901)  (3495,677)  (3069,826)  (3549,447)  | overflowToLeft=false
123 Sea Zone  (3800,925)  (3700,865)  (3700,925)  (3700,985)  (3800,865)  (3800,985)  (3900,865)  (3900,925)  (3900,985)  (4000,865)  (4000,925)  (4000,985)  (4100,865)  (4100,925)  (4100,985)  | overflowToLeft=false
124 Sea Zone  (4729,448)  (4803,523)  (4703,523)  (4653,373)  (4753,373)  (4629,448)  (4829,448)  (4853,324)  (4603,523)  (4578,298)  (4678,298)  (4903,523)  (4553,373)  (4529,448)  (4778,249)  (4878,249)  (4929,399)  (4503,523)  | overflowToLeft=false
125 Sea Zone  (5471,397)  (5545,472)  (5445,472)  (5395,322)  (5495,322)  (5371,397)  (5571,397)  (5595,273)  (5345,522)  (5620,547)  (5520,547)  (5320,247)  (5420,247)  (5645,472)  (5295,322)  (5271,447)  (5520,198)  (5620,198)  | overflowToLeft=false
126 Sea Zone  (6400,341)  (6337,416)  (6356,266)  (6456,266)  (6300,341)  (6500,341)  (6556,258)  (6237,461)  (6200,386)  (6200,311)  (6600,333)  (6656,249)  | overflowToLeft=false
127 A Sea Zone  (7452,282)  (7526,357)  (7426,357)  (7376,207)  (7476,207)  (7352,282)  (7552,282)  (7576,158)  (7326,407)  (7601,432)  (7501,432)  (7301,132)  (7401,132)  (7626,357)  (7276,207)  (7252,332)  (7401,482)  (7301,482)  | overflowToLeft=false
127 B Sea Zone  (8734,182)  (8808,257)  (8708,257)  (8658,107)  (8758,107)  (8834,182)  (8858,75)  (8608,307)  (8800,332)  (8908,257)  (8558,129)  (8934,150)  (8934,332)  (8525,382)  (8508,307)  (9008,225)  (8458,131)  (9034,107)  | overflowToLeft=false
128 Sea Zone  (8097,2826)  (8150,2901)  (8006,2751)  (7948,2676)  (8186,2976)  (8086,2976)  (7886,2601)  (8218,3051)  (8118,3051)  (7986,2596)  (8194,3126)  | overflowToLeft=false
129 Sea Zone  (6777,3264)  | overflowToLeft=false
Acapulco-Chiapas  (222,3800)  (166,3745)  (162,3808)  (282,3786)  (282,3841)  (111,3690)  (106,3753)  (342,3754)  (342,3809)  (342,3864)  (56,3635)  (116,3635)  (51,3698)  (402,3761)  (402,3816)  (462,3761)  (462,3816)  (491,3871)  | overflowToLeft=false
Adana  (7174,3442)  (7117,3401)  (7057,3348)  (7152,3321)  (7238,3322)  (7256,3383)  (7250,3464)  | overflowToLeft=false
Addis Ababa  (7057,5336)  (7071,5391)  (7033,5281)  (6997,5369)  (7117,5324)  | overflowToLeft=false
Adelaide-S.Australia  (12551,7332)  (12605,7387)  (12542,7277)  (12602,7277)  (12491,7367)  (12611,7332)  (12482,7312)  (12660,7442)  (12661,7222)  (12662,7277)  (12665,7387)  (12431,7367)  (12671,7332)  (12422,7312)  (12722,7227)  | overflowToLeft=false
Aden-Yemen  (7630,4787)  (7684,4842)  (7624,4842)  (7581,4732)  (7641,4732)  (7570,4787)  (7690,4787)  (7564,4852)  (7640,4677)  (7744,4842)  (7554,4907)  | overflowToLeft=false
Agana-Guam  (12479,4670)  (12454,4725)  | overflowToLeft=false
Akmolinsk  (8657,2405)  (8711,2460)  (8651,2460)  (8601,2350)  (8661,2350)  (8597,2405)  (8717,2405)  (8721,2341)  (8591,2470)  (8766,2515)  (8706,2515)  (8546,2295)  (8606,2295)  (8771,2460)  (8541,2350)  (8537,2415)  (8666,2286)  | overflowToLeft=false
Aksu-Tarim  (9322,2856)  (9240,2925)  (9137,2948)  (9055,2898)  (9080,2815)  (9137,2732)  (9221,2693)  (9325,2731)  | overflowToLeft=false
Aktau  (8152,2656)  (8207,2727)  (8291,2780)  (8356,2628)  (8338,2531)  (8244,2524)  (8312,2449)  (8390,2422)  (8428,2495)  (8442,2573)  | overflowToLeft=false
Aktobe  (8221,2313)  (8266,2368)  (8206,2368)  (8165,2258)  (8225,2258)  (8161,2313)  (8281,2313)  (8285,2249)  (8146,2387)  (8105,2258)  (8101,2332)  (8297,2194)  (8341,2304)  (8345,2249)  (8127,2442)  (8357,2177)  (8405,2232)  | overflowToLeft=false
Al Fishir  (6438,4960)  (6372,4902)  (6393,4819)  (6479,4790)  (6546,4831)  (6536,4903)  | overflowToLeft=false
Al Hasa  (7824,4077)  (7878,4132)  (7777,4022)  | overflowToLeft=false
Al Hasakah  (7511,3431)  (7511,3486)  (7558,3376)  | overflowToLeft=false
Al Kufrah  (6103,4514)  (6079,4420)  (6109,4340)  (6203,4280)  (6281,4358)  (6359,4434)  (6412,4542)  (6354,4610)  (6247,4630)  (6176,4580)  (6258,4521)  | overflowToLeft=false
Albania  (6237,3338)  (6236,3280)  (6238,3189)  (6304,3192)  | overflowToLeft=false
Alberta  (16590,1551)  (16644,1606)  (16584,1606)  (16534,1496)  (16594,1496)  (16530,1551)  (16650,1551)  (16654,1487)  (16524,1616)  (16699,1661)  (16639,1661)  (16479,1441)  (16539,1441)  (16704,1606)  (16474,1496)  (16470,1561)  | overflowToLeft=false
Aleppo-Deir ez Zor  (7413,3592)  (7502,3576)  (7333,3552)  (7258,3569)  (7369,3488)  | overflowToLeft=false
Algarve  (4229,3342)  (4232,3397)  (4248,3287)  | overflowToLeft=false
Algiers  (5011,3866)  (5041,3921)  (4981,3921)  (4951,3866)  (5071,3826)  | overflowToLeft=false
Alice Springs-Outback  (12499,7044)  (12553,7099)  (12493,7099)  (12443,6989)  (12503,6989)  (12439,7044)  (12559,7044)  (12563,6980)  (12433,7109)  (12608,7154)  (12548,7154)  (12388,6934)  (12448,6934)  (12613,7099)  (12383,6989)  | overflowToLeft=false
Almaty  (8966,2555)  (8943,2473)  (8937,2400)  (8980,2319)  (9057,2281)  (9162,2340)  (9113,2402)  (9085,2502)  | overflowToLeft=false
Alsace  (5560,2518)  (5505,2491)  (5469,2391)  (5452,2332)  (5442,2282)  (5595,2430)  | overflowToLeft=false
Amapa-Brazilian Guiana  (2126,4995)  (2180,5050)  (2120,5050)  (2070,4940)  (2130,4940)  (2066,4995)  (2186,4995)  (2190,4937)  (2060,5060)  (2125,5105)  (2015,4885)  (2075,4885)  (2135,4882)  (2240,5050)  (2010,4940)  (2065,5115)  | overflowToLeft=false
Amazonas  (1861,5029)  (1746,4993)  (1640,4959)  (1522,5012)  (1449,5091)  (1385,5150)  (1524,5180)  (1590,5250)  (1701,5258)  (1743,5172)  (1821,5103)  | overflowToLeft=false
Ambon  (12137,5797)  | overflowToLeft=false
Amur  (11245,1965)  (11137,1981)  (11054,2018)  (10987,2084)  (10967,2172)  (10943,2261)  (11436,1917)  (11344,1843)  (11350,1749)  (11432,1806)  | overflowToLeft=false
Anadyr  (13327,963)  (13240,962)  (13238,885)  (13322,817)  (13432,770)  (13530,775)  (13599,850)  (13504,974)  (13573,1043)  | overflowToLeft=false
Anchorage  (15267,1079)  (15272,1134)  (15207,1073)  (15212,1145)  (15267,1024)  (15327,1019)  (15327,1074)  (15163,1018)  (15147,1086)  (15223,969)  (15283,964)  (15343,964)  (15387,1020)  (15387,1075)  (15103,1031)  | overflowToLeft=false
Andalusia  (4486,3423)  (4426,3453)  (4426,3398)  (4546,3400)  (4566,3455)  (4597,3510)  (4366,3488)  (4366,3433)  (4626,3429)  (4306,3447)  | overflowToLeft=false
Andaman Is.  (9939,4827)  | overflowToLeft=false
Angola  (5784,6423)  (5818,6336)  (5821,6265)  (5800,6177)  (5881,6119)  (6003,6119)  (6076,6192)  (6080,6290)  (6079,6394)  (6063,6493)  (5735,6528)  | overflowToLeft=false
Anhwei  (11100,3639)  (11112,3718)  (11084,3802)  (11021,3775)  (10969,3638)  (10918,3567)  (10994,3546)  | overflowToLeft=false
Ankara  (6902,3279)  (6953,3334)  (6893,3334)  (6856,3224)  (6916,3224)  (6962,3279)  (6833,3312)  | overflowToLeft=false
Antalya  (6971,3576)  (6851,3574)  (7073,3558)  | overflowToLeft=false
Aragon-Catalonia  (4856,3068)  (4910,3123)  (4850,3123)  (4801,3013)  (4861,3013)  (4796,3068)  (4916,3068)  (4790,3133)  (4778,3188)  (4976,3047)  (4730,3132)  | overflowToLeft=false
Archangelsk  (7344,1001)  (7365,1086)  (7479,1011)  (7323,897)  (7341,809)  (7417,857)  (7471,928)  (7558,966)  (7570,1035)  (7208,839)  | overflowToLeft=true
Arizona-New Mexico  (16393,2740)  (16415,2661)  (16518,2650)  (16633,2654)  (16732,2662)  (16734,2759)  (16367,2817)  | overflowToLeft=false
Ascension Is.  (4229,5438)  | overflowToLeft=false
Asir  (7650,4577)  (7605,4522)  (7665,4522)  (7590,4617)  (7710,4577)  (7721,4632)  | overflowToLeft=false
Astrakhan  (7730,2511)  (7710,2576)  (7791,2598)  (7850,2497)  | overflowToLeft=false
Asturias  (4388,2869)  (4554,2887)  | overflowToLeft=false


Greece  (6480,3535)  (6359,3505)  (6410,3505)  (6307,3425)  (6313,3371)  (6382,3400)  (6417,3451)  | overflowToLeft=false


Atlanta-Georgia  (1035,2863)  (1006,2797)  (972,2714)  (896,2706)  | overflowToLeft=false
Atyrau  (7984,2331)  (8018,2386)  (7958,2386)  (7966,2276)  (8026,2242)  (7997,2441)  (7930,2221)  (7990,2187)  | overflowToLeft=false
Auckland-N.New Zealand  (14549,7502)  (14555,7557)  (14546,7447)  (14489,7540)  (14609,7472)  | overflowToLeft=false
Azores Is.  (3270,3378)  | overflowToLeft=false


Wurttemburg  (5732,2599)  (5732,2549)  (5644,2543)  (5774,2541)  (5657,2470)  (5711,2404)  (5775,2454)  (5777,2381)  | overflowToLeft=false


Baffin Is.  (1369,854)  (1454,905)  (1554,863)  (1516,769)  (1532,602)  (1430,550)  (1316,497)  (1211,457)  (1117,420)  (1024,397)  (932,421)  (853,468)  | overflowToLeft=false
Baghdad  (7805,3581)  (7801,3640)  (7740,3662)  (7685,3619)  | overflowToLeft=false
Bahamas  (1290,3270)  | overflowToLeft=false
Bahia-Norde Este  (2795,5281)  (2786,5184)  (2682,5119)  (2581,5078)  (2477,5055)  (2490,5163)  (2505,5242)  (2502,5333)  (2593,5388)  (2678,5441)  (2724,5362)  (2618,5536)  (2542,5495)  (2460,5420)  (2661,5613)  | overflowToLeft=false
Baja-Sonora  (16453,2973)  (16435,3053)  (16450,3123)  (16331,2923)  (16260,2838)  (16180,2832)  (16149,2928)  (16207,3020)  (16230,3098)  (16290,3181)  | overflowToLeft=false
Baku-Azerbaijan  (7935,2909)  (7989,2964)  (7929,2964)  (7879,2854)  (7939,2854)  (7875,2909)  (7995,2909)  | overflowToLeft=false
Bali-Sunda Is.  (11285,6319)  | overflowToLeft=false
Balikpapan-S.Borneo  (10861,5698)  (10890,5764)  (10957,5789)  (11035,5803)  (11107,5770)  (11061,5696)  (10995,5638)  | overflowToLeft=false
Bangkok-Siam  (10270,4648)  (10364,4666)  (10412,4611)  (10263,4551)  | overflowToLeft=false
Barat Daya Is.  (11616,6337)  | overflowToLeft=false
Basra  (7740,3748)  (7794,3803)  (7680,3755)  | overflowToLeft=false
Batavia-W.Java  (10717,6181)  (10657,6165)  | overflowToLeft=false


Bavaria  (5868,2568)  (5945,2525)  (5945,2575)  (5955,2475)  (5877,2489)  (5879,2409)  (5899,2359)  (5968,2359)  (5832,2331)  (5909,2300)  (6025,2430)  | overflowToLeft=false


Bechuanaland  (6406,6850)  (6412,6905)  (6352,6905)  (6386,6795)  (6446,6795)  (6466,6850)  | overflowToLeft=false
Belgian Congo  (6281,5551)  (6335,5606)  (6275,5606)  (6225,5496)  (6285,5496)  (6221,5551)  (6341,5551)  (6345,5487)  (6215,5616)  (6390,5661)  (6330,5661)  (6207,5441)  (6267,5441)  (6395,5606)  (6165,5496)  (6161,5561)  (6327,5432)  | overflowToLeft=false
Belgium  (5230,1995)  (5255,2075)  (5300,2065)  (5365,2135)  (5300,2020)  (5450,2100)  (5425,2177)  (5466,2218)  (5465,2150)  (5237,2032)  | overflowToLeft=true


Yugoslavia  (6304,3030)  (6250,3040)  (6368,3035)  (6268,2920)  (6333,2915)  (6364,2954)  (6378,3087)  (6310,3090)  (6245,2870)  (6305,2870)  (6329,3145)  | overflowToLeft=true


Bengal  (9592,3779)  (9585,3834)  (9536,3724)  (9532,3779)  (9652,3752)  (9652,3807)  (9525,3845)  (9712,3753)  (9567,3900)  (9507,3900)  | overflowToLeft=false
Benghazi-Cyrenaica  (6161,4118)  (6215,4173)  (6155,4173)  (6112,4063)  (6172,4063)  (6221,4118)  (6095,4183)  (6232,4061)  (6275,4211)  (6062,4238)  (6035,4183)  (6324,4266)  (6374,4321)  (6384,4264)  (6435,4327)  | overflowToLeft=true
Berar  (8995,4214)  (9049,4269)  (8989,4269)  (8950,4159)  (9055,4208)  (8940,4104)  | overflowToLeft=false
Bergen  (5710,1103)  (5690,1035)  (5800,1158)  (5720,1158)  (5815,1048)  (5800,1103)  (5775,1208)  (5715,1218)  (5860,980)  (5905,1048)  (5930,970)  (5793,1268)  (5733,1268)  (5980,930)  (5970,885)  (6029,949)  | overflowToLeft=false
Berlin  (5930,2020)  (5920,2085)  (5905,2148)  (5975,2134)  (5985,2209)  (6000,2035)  (6100,2065)  (6152,2022)  (6177,2086)  (6080,2180)  (6185,2195)  (6195,2150)  (6100,2125)  (6084,2004)  (5904,2217)  | overflowToLeft=true
Bermuda  (1615,3049)  | overflowToLeft=false
Beruit-Lebanon  (7172,3730)  (7150,3787)  (7185,3674)  | overflowToLeft=false
Bessarabia  (6730,2745)  (6784,2800)  (6689,2690)  (6678,2640)  (6655,2593)  | overflowToLeft=false
Bethel  (14659,1071)  (14713,1126)  (14653,1126)  (14657,1016)  (14717,1014)  (14599,1071)  (14719,1069)  (14593,1136)  (14768,1181)  (14708,1181)  (14740,959)  (14773,1124)  (14777,1014)  (14539,1081)  (14779,1069)  (14800,930)  | overflowToLeft=false
Bhutan  (9705,3689)  (9823,3648)  | overflowToLeft=false
Bhuyant Uhaa  (10805,2512)  (10859,2567)  (10799,2567)  (10823,2457)  (10745,2512)  (10865,2512)  (10739,2577)  (10883,2434)  (10823,2402)  (10919,2567)  (10685,2522)  (10761,2632)  (10701,2632)  (10925,2489)  (10679,2577)  (10883,2379)  | overflowToLeft=false
Bialystok  (6566,2022)  (6615,1991)  (6677,2014)  (6704,2073)  (6650,2108)  (6633,2051)  (6591,2076)  | overflowToLeft=true
Bogata-Colombia  (1317,4458)  (1231,4509)  (1220,4614)  (1240,4702)  (1342,4754)  (1464,4710)  (1466,4630)  | overflowToLeft=false
Bolivia  (1717,5613)  (1771,5668)  (1711,5668)  (1661,5558)  (1721,5558)  (1657,5613)  (1777,5613)  (1781,5549)  (1651,5678)  (1826,5723)  (1766,5723)  (1615,5503)  (1675,5503)  (1831,5668)  (1597,5623)  (1735,5494)  (1795,5494)  | overflowToLeft=false
Bombay  (8770,4292)  (8855,4281)  (8891,4405)  (8892,4476)  (8885,4553)  (8902,4343)  | overflowToLeft=true
Bona  (5193,3907)  (5243,3962)  (5183,3962)  (5157,3852)  (5217,3852)  (5123,3976)  (5277,3823)  | overflowToLeft=false
Boran  (6886,5411)  (6940,5466)  (6880,5466)  (6842,5356)  (6902,5356)  (6826,5411)  | overflowToLeft=false
Bordeaux  (4903,2759)  (4822,2751)  (4780,2823)  (4910,2686)  (4995,2682)  (4865,2581)  (4897,2503)  (4974,2566)  (5006,2605)  (5060,2572)  (5060,2632)  (4840,2645)  | overflowToLeft=true
Boston-New England  (1512,2199)  (1493,2126)  (1610,2041)  (1610,1978)  (1678,2024)  | overflowToLeft=false
Bratsk  (10624,1179)  (10566,1087)  (10552,939)  (10610,849)  (10736,883)  (10815,959)  (10865,1094)  (10870,1200)  (10838,1325)  (10680,1295)  | overflowToLeft=false
Brest  (6766,2292)  (6706,2292)  (6826,2269)  (6742,2338)  (6790,2339)  (6832,2319)  (6768,2249)  (6717,2250)  (6677,2270)  | overflowToLeft=false
Brisbane-Queensland  (13079,6855)  (13139,6940)  (13212,7033)  (13257,7135)  (13137,7129)  (13018,7113)  (12949,7039)  (12889,6946)  (12902,6845)  (12961,6745)  | overflowToLeft=false
British Guiana  (1926,4734)  (1948,4568)  | overflowToLeft=false
British Honduras  (721,3775)  | overflowToLeft=false
British Somaliland  (7383,5275)  (7366,5330)  (7443,5243)  (7306,5309)  | overflowToLeft=false
Brittany  (4550,2250)  (4709,2311)  (4817,2245)  (4640,2290)  (4800,2295)  (4665,2200)  | overflowToLeft=true
Broome-Exmouth  (12124,6828)  (12178,6883)  (12118,6883)  (12079,6773)  (12139,6773)  (12064,6828)  (12184,6828)  (12058,6893)  (12199,6753)  (12211,6938)  (12151,6938)  (12238,6883)  (12091,6948)  (12031,6948)  (12244,6808)  (11998,6893)  | overflowToLeft=false
Bryansk  (7154,2270)  (7133,2325)  (7135,2215)  (7195,2215)  (7214,2270)  (7073,2348)  (7143,2160)  (7204,2161)  (7242,2224)  (7273,2271)  (7192,2311)  (7096,2292)  (7020,2328)  (6981,2336)  | overflowToLeft=false


Cen.Romania  (6590,3040)  (6530,3008)  (6620,2994)  (6460,3000)  (6445,2942)  (6613,2920)  | overflowToLeft=false


Hungary  (6345,2640)  (6395,2660)  (6285,2595)  (6325,2510)  (6410,2540)  (6428,2600)  | overflowToLeft=false
Buenos Aires  (1899,6510)  (1953,6565)  (1893,6565)  (1850,6455)  (1910,6455)  (1839,6510)  | overflowToLeft=false
Buru  (11924,5814)  | overflowToLeft=false
Buryatia  (10820,2006)  (10874,2061)  (10814,2061)  (10764,1951)  (10824,1951)  (10760,2006)  (10880,2006)  (10884,1942)  (10754,2071)  (10907,2116)  (10847,2116)  (10704,1951)  (10700,2016)  (10843,1887)  (10903,1887)  (10787,2126)  | overflowToLeft=false
Cairo-Egypt  (6790,4171)  (6844,4226)  (6784,4226)  (6899,4281)  (6839,4281)  (6779,4281)  (6928,4336)  (6868,4336)  (6808,4336)  (6748,4336)  (6807,4372)  | overflowToLeft=false
Calais  (5155,2220)  (5125,2135)  (5232,2128)  (5165,2164)  (5166,2040)  (5120,2075)  | overflowToLeft=true
Calcutta  (9659,3974)  (9650,3909)  (9767,3863)  (9810,3920)  (9770,3981)  (9709,4035)  | overflowToLeft=false
Cambodia  (10476,4783)  (10476,4675)  (10562,4662)  (10648,4660)  (10640,4718)  (10587,4774)  | overflowToLeft=false
Cameroon  (5737,5434)  (5791,5489)  (5731,5489)  (5698,5379)  (5758,5379)  (5677,5434)  (5797,5434)  (5671,5499)  (5818,5353)  (5846,5544)  (5617,5444)  (5611,5538)  (5773,5298)  (5833,5298)  (5893,5278)  (5557,5483)  (5551,5552)  | overflowToLeft=false
Canary Is.  (3472,4368)  | overflowToLeft=false
Cape Town  (6191,7467)  (6098,7483)  (6034,7419)  (6067,7343)  (6153,7373)  | overflowToLeft=false
Cape Verde Is.  (3476,4949)  | overflowToLeft=false
Cape of Good Hope  (6368,7369)  (6422,7424)  (6362,7424)  (6312,7314)  (6372,7314)  (6308,7369)  (6428,7369)  (6432,7305)  (6302,7434)  (6252,7314)  (6488,7360)  (6216,7259)  (6156,7296)  (6096,7277)  (6036,7278)  (5983,7223)  | overflowToLeft=false
Caracas-Venezuela  (1557,4516)  (1476,4473)  (1498,4395)  (1621,4390)  (1732,4416)  (1800,4454)  (1850,4531)  (1786,4609)  (1613,4650)  | overflowToLeft=false
Castille-Leon  (4508,3029)  (4562,3084)  (4502,3084)  (4452,2974)  (4512,2974)  (4448,3029)  (4568,3029)  (4442,3094)  (4609,2973)  (4622,3084)  (4392,2974)  (4628,3028)  (4382,3112)  | overflowToLeft=false
Cayman Is.  (1080,3649)  | overflowToLeft=false
Cen.Mongolia  (10437,2682)  (10520,2724)  (10405,2746)  (10318,2719)  (10240,2688)  (10144,2652)  (10144,2583)  (10200,2526)  | overflowToLeft=false
Ceylon  (9278,4923)  (9297,4978)  (9252,4868)  | overflowToLeft=false
Chad  (5925,4843)  (5989,4925)  (6022,4836)  (6145,4899)  (6033,4998)  (6096,5078)  (6219,4996)  | overflowToLeft=false
Chahar  (10623,3053)  (10677,3108)  (10617,3108)  (10567,2998)  (10627,2998)  (10563,3053)  (10683,3053)  (10687,2989)  (10557,3118)  (10674,3163)  (10737,3108)  (10507,2998)  (10503,3063)  (10651,2934)  (10711,2934)  (10743,3044)  | overflowToLeft=false
Charleston-Savannah  (1093,2767)  (1153,2740)  (1118,2820)  (1028,2751)  (1027,2703)  (1082,2709)  | overflowToLeft=false
Charlotte-Carolina  (1151,2644)  (1091,2650)  (1211,2625)  (1211,2680)  (1271,2625)  (1266,2675)  (1032,2644)  | overflowToLeft=false
Chelyabinsk  (8640,1880)  (8694,1935)  (8634,1935)  (8584,1825)  (8644,1825)  (8580,1880)  (8700,1880)  (8704,1816)  (8574,1945)  (8749,1990)  (8689,1990)  (8551,1770)  (8611,1770)  (8754,1935)  (8524,1825)  (8520,1890)  (8671,1761)  | overflowToLeft=false
Chengdu-Szechwan  (10089,3395)  (10013,3399)  (9999,3466)  (9997,3534)  (10024,3600)  (10109,3592)  (10199,3568)  (10222,3505)  (10207,3419)  | overflowToLeft=false
Chernihiv  (7112,2494)  (7104,2549)  (7075,2437)  (7141,2435)  (7174,2492)  (7048,2556)  | overflowToLeft=true
Chersky  (12015,978)  (12048,1101)  (12141,1199)  (12291,1172)  (12336,1068)  (12389,953)  (12449,842)  (11936,1109)  (11881,1019)  (11862,878)  | overflowToLeft=false
Chiang Mai  (10174,4297)  (10255,4281)  (10315,4348)  (10321,4419)  (10312,4481)  (10251,4427)  (10203,4354)  | overflowToLeft=false
Chicago  (738,2349)  (718,2294)  (743,2404)  (678,2372)  | overflowToLeft=false
Chihuahua-Durango  (16619,3101)  (16673,3156)  (16613,3156)  (16563,3046)  (16623,3046)  (16559,3101)  (16679,3101)  (16683,3037)  (16728,3211)  (16668,3211)  (16534,2991)  (16594,2991)  (16733,3156)  (16739,3092)  (16755,3266)  | overflowToLeft=false
Chile  (1471,6081)  (1463,6178)  (1474,6269)  (1467,6364)  (1464,6444)  (1455,6525)  (1454,6597)  (1460,6669)  | overflowToLeft=false
Christchurch-S.New Zealand  (14123,7811)  (14099,7866)  (14183,7774)  (14039,7894)  (14039,7839)  (14243,7724)  (13979,7937)  (13979,7882)  (14298,7669)  (13919,7938)  | overflowToLeft=false
Christmas Is.  (10070,6406)  | overflowToLeft=false
Chubu  (12244,3148)  (12248,3064)  (12333,2989)  (12328,2920)  (12198,3004)  (12180,3067)  | overflowToLeft=true
Chukotka  (13265,625)  (13386,660)  (13216,744)  (13079,861)  (12919,858)  (12769,820)  (12716,729)  | overflowToLeft=false
Chungking  (10209,3699)  (10263,3754)  (10203,3754)  (10196,3644)  (10256,3644)  (10149,3699)  (10269,3699)  (10316,3616)  (10329,3671)  | overflowToLeft=false
Colorado  (16673,2463)  (16727,2518)  (16667,2518)  (16617,2408)  (16677,2408)  (16613,2463)  (16733,2463)  (16737,2399)  (16607,2528)  (16755,2573)  (16695,2573)  (16589,2353)  (16649,2353)  (16709,2344)  | overflowToLeft=false
Comoros  (7387,6296)  | overflowToLeft=false
Cook Is.  (16569,6785)  | overflowToLeft=false


Denmark  (5952,1657)  (5893,1678)  (5858,1745)  (5935,1770)  (5910,1815)  | overflowToLeft=false


Corregidor-Mindoro Is.  (11613,4775)  | overflowToLeft=false
Corsica  (5530,3110)  | overflowToLeft=false
Costa  (915,4314)  | overflowToLeft=false


Crete  (6555,3735)  (6600,3745)  (6720,3756)  | overflowToLeft=false


Crimea  (7085,2858)  (7151,2859)  (7017,2860)  (7041,2808)  (7108,2805)  (7158,2815)  (7202,2834)  (7083,2909)  | overflowToLeft=false
Croatia  (6066,3039)  (5976,2877)  (6106,3103)  (5963,2933)  | overflowToLeft=false
Cyprus  (7084,3642)  | overflowToLeft=false
Da Nang-Annam  (10713,4571)  (10739,4626)  | overflowToLeft=false
Dagestan  (7774,2710)  (7828,2765)  (7718,2655)  (7714,2725)  (7834,2699)  | overflowToLeft=false
Dakar  (4367,4807)  (4421,4862)  (4361,4862)  (4311,4752)  (4307,4807)  (4397,4917)  (4251,4752)  (4247,4809)  | overflowToLeft=false
Dakota  (204,2028)  (258,2083)  (198,2083)  (148,1973)  (208,1973)  (144,2028)  (264,2028)  (268,1964)  (138,2093)  (313,2138)  (253,2138)  (93,1918)  (153,1918)  (318,2083)  (88,1973)  (84,2038)  (213,1909)  (273,1909)  (193,2148)  | overflowToLeft=false
Dalarna  (6073,1155)  (6093,1078)  (6159,1033)  (6167,912)  (6197,854)  | overflowToLeft=false
Dalmatia  (5985,3002)  | overflowToLeft=false
Damascus-S.Syria  (7242,3630)  (7238,3726)  (7332,3703)  (7337,3627)  | overflowToLeft=false
Danakil  (7014,5173)  (6970,5228)  (7026,5118)  (7074,5173)  (7104,5117)  (6910,5267)  | overflowToLeft=false
Danzig-Posen  (6349,2035)  (6330,2120)  (6290,2080)  (6380,2090)  (6410,2015)  (6353,1920)  (6287,2039)  | overflowToLeft=true
Dar es Salaam-Zanzibar  (6954,6081)  (6992,6136)  (6932,6136)  (6909,6026)  (6969,6026)  (6961,6191)  | overflowToLeft=false
Darfur  (6529,5074)  (6562,5129)  (6502,5129)  (6514,5019)  (6574,5019)  (6469,5074)  (6589,5074)  (6442,5160)  (6634,4969)  (6546,5184)  (6409,5105)  (6409,5050)  (6649,5024)  (6649,5079)  (6486,5215)  (6349,5049)  (6709,4998)  | overflowToLeft=false
Darwin-Northern Territory  (12429,6675)  (12393,6747)  (12499,6754)  (12600,6729)  (12683,6802)  (12752,6877)  (12755,6747)  (12588,6610)  (12624,6532)  | overflowToLeft=false
Demyansk  (7333,1440)  (7380,1495)  (7320,1495)  (7292,1385)  (7352,1385)  (7393,1440)  (7355,1550)  | overflowToLeft=false
Diyarbakir  (7461,3317)  (7425,3372)  (7494,3262)  (7401,3317)  (7554,3294)  (7365,3403)  | overflowToLeft=false
Dodecanese Is.  (6829,3678)  (6786,3632)  | overflowToLeft=false
Dovao-Mindonao  (11812,5093)  (11834,5148)  (11872,5056)  (11893,5115)  (11740,5075)  (11879,5000)  | overflowToLeft=false
Dutch Guiana  (2089,4629)  | overflowToLeft=false
Dutch Harbor-Aleutian Is.  (14354,1488)  | overflowToLeft=false
Dzavhan  (10093,2296)  (10147,2351)  (10087,2351)  (10037,2241)  (10097,2241)  (10033,2296)  (10153,2296)  (10027,2360)  (10202,2406)  (10142,2406)  (9982,2186)  (10042,2186)  (10207,2351)  (9977,2241)  (9973,2303)  (10257,2461)  | overflowToLeft=false
E.Algerian-Sahara  (5351,4219)  (5266,4288)  (5306,4374)  (5422,4387)  (5477,4305)  | overflowToLeft=false
E.British Columbia  (15985,1347)  (16033,1424)  (16124,1512)  (16168,1582)  (16238,1660)  (16312,1572)  (16290,1439)  (16269,1328)  | overflowToLeft=false
E.Tripolitania  (5776,4118)  (5721,4173)  (5844,4127)  (5919,4147)  (5923,4218)  (5852,4217)  (5778,4234)  (5705,4237)  | overflowToLeft=true
Ecuador  (1090,4842)  (1269,4897)  (1364,4873)  (1115,4772)  | overflowToLeft=false
Eire  (4531,1520)  (4585,1575)  (4525,1575)  (4503,1465)  (4591,1479)  (4465,1585)  (4465,1530)  | overflowToLeft=false
El Alamein-Alexandria  (6599,4167)  (6653,4222)  (6593,4222)  (6539,4167)  (6659,4141)  (6533,4232)  (6665,4277)  (6605,4277)  (6545,4287)  (6656,4332)  (6596,4342)  (6627,4397)  | overflowToLeft=false
El Salvador  (812,4037)  | overflowToLeft=false
Ellice Is.  (14645,6088)  | overflowToLeft=false
Eritrea  (7148,4984)  (7202,5039)  (7142,5039)  (7112,4929)  (7088,4984)  (7208,4976)  (7055,5039)  | overflowToLeft=false
Erzurum  (7646,3202)  (7700,3257)  (7640,3257)  (7598,3147)  | overflowToLeft=false
Estonia  (6770,1525)  (6702,1497)  (6670,1435)  (6738,1432)  (6810,1454)  (6636,1490)  | overflowToLeft=false
Evenkia  (10108,1126)  (10027,1203)  (10126,1230)  (10244,1252)  (10342,1276)  (10402,1198)  (10386,1090)  (10351,975)  (10359,851)  (10404,772)  | overflowToLeft=false
Extramadura  (4374,3246)  (4361,3301)  (4380,3191)  | overflowToLeft=false
Fairbanks  (15200,780)  (15254,835)  (15194,835)  (15144,725)  (15204,725)  (15140,780)  (15260,780)  (15264,716)  (15134,845)  (15117,670)  (15177,670)  (15314,835)  (15080,787)  (15237,661)  (15320,771)  (15324,669)  (15115,615)  | overflowToLeft=false
Falkland Is.  (2206,7049)  | overflowToLeft=false
Fars  (7950,3701)  (8004,3756)  (7944,3756)  (7894,3646)  (7954,3646)  (7890,3701)  (8010,3701)  (8014,3646)  (7884,3766)  (8016,3811)  (7887,3591)  | overflowToLeft=false
Fezzan  (5744,4434)  (5709,4366)  (5638,4357)  (5565,4350)  (5660,4293)  (5736,4301)  (5813,4294)  (5889,4285)  (5965,4290)  (5824,4399)  (5899,4417)  (5900,4352)  (5981,4364)  (5981,4440)  | overflowToLeft=false
Fiji  (15183,6891)  | overflowToLeft=false
Florida  (1084,3048)  (1115,3103)  (1047,2993)  (1132,3158)  (995,2938)  (1055,2938)  (935,2932)  (1135,3213)  | overflowToLeft=false


Frankfurt  (5760,2155)  (5710,2265)  (5760,2265)  (5719,2321)  (5725,2200)  (5811,2185)  | overflowToLeft=false


French Dahomey  (5227,5256)  (5126,5263)  (5115,5128)  (5243,5084)  (5237,5161)  | overflowToLeft=false
French Guiana  (2195,4670)  (2134,4794)  | overflowToLeft=false
French Guinea  (4723,4914)  (4627,4941)  (4519,4901)  (4547,4812)  (4555,4727)  (4559,4631)  (4661,4736)  (4759,4822)  | overflowToLeft=false
French Somaliland  (7213,5217)  (7222,5272)  (7153,5259)  | overflowToLeft=false
Gabon  (5618,5762)  (5667,5832)  (5760,5839)  (5780,5772)  (5798,5681)  (5807,5617)  | overflowToLeft=false
Galapagos Is.  (707,4688)  | overflowToLeft=false
Galicia  (4259,2919)  (4292,2974)  (4263,2864)  | overflowToLeft=false
Gibraltar  (4408,3551)  (4522,3547)  | overflowToLeft=false
Gilan  (8016,3170)  (8013,3225)  (7983,3115)  (8076,3184)  | overflowToLeft=false
Gizhiga  (12558,1174)  (12612,1229)  (12552,1229)  (12502,1119)  (12562,1119)  (12498,1174)  (12618,1174)  (12622,1110)  (12492,1239)  (12643,1284)  (12583,1284)  (12521,1064)  (12438,1184)  (12581,1055)  (12641,1055)  (12523,1294)  | overflowToLeft=false
Gold Coast  (4920,5312)  (4912,5237)  (5005,5225)  (5021,5147)  (5038,5074)  | overflowToLeft=false
Gotland  (6039,1279)  (6125,1317)  (6025,1350)  (6165,1410)  (6157,1491)  (6077,1552)  | overflowToLeft=false
Gran Chaco  (1798,6121)  (1852,6176)  (1792,6176)  (1742,6066)  (1802,6066)  (1738,6121)  (1858,6121)  (1862,6057)  (1732,6186)  (1907,6231)  (1847,6231)  (1687,6011)  (1747,6011)  (1912,6176)  (1682,6066)  (1678,6131)  (1807,6002)  | overflowToLeft=false
Grand Erg  (4718,4134)  (4770,4074)  (4801,4142)  (4947,4094)  (4970,4158)  (4983,4228)  (4848,4203)  | overflowToLeft=false
Greenland  (2128,914)  (2167,987)  (2257,1012)  (2366,987)  (2287,899)  (2269,692)  (2104,758)  (2281,589)  | overflowToLeft=false
Grodno  (6679,2169)  (6742,2152)  (6809,2127)  (6848,2184)  (6778,2194)  (6698,2208)  (6859,2135)  | overflowToLeft=true
Grozny-Chechnya  (7703,2846)  (7757,2901)  (7647,2791)  (7643,2858)  (7763,2841)  | overflowToLeft=false
Guadalcanal-Solomon Is.  (14369,6403)  (14237,6328)  (14162,6280)  (14178,6213)  (14283,6260)  (14061,6189)  (13998,6119)  (13914,6072)  | overflowToLeft=false
Guatemala  (692,3925)  (638,3862)  | overflowToLeft=false
Gujarat  (8851,4192)  (8866,4119)  (8711,4186)  (8653,4238)  (8629,4166)  | overflowToLeft=true
Haditha-Rutbah  (7591,3883)  (7518,3872)  (7597,3812)  (7482,3757)  (7473,3684)  (7555,3640)  (7605,3708)  | overflowToLeft=false
Haichow-Lunghai  (11150,3353)  (11204,3408)  (11098,3408)  (11141,3298)  (11201,3298)  (11210,3353)  (11054,3463)  (11167,3243)  (11227,3243)  (11038,3408)  | overflowToLeft=false
Haikou-Hainan  (10850,4340)  | overflowToLeft=false
Hail  (7477,4279)  (7399,4271)  (7358,4195)  (7354,4129)  (7495,4138)  (7548,4212)  | overflowToLeft=false
Hailar-Hsingan  (10701,2784)  (10630,2843)  (10543,2890)  (10457,2912)  (10394,2851)  (10283,2802)  (10199,2768)  (10779,2823)  (10783,2751)  (10834,2669)  | overflowToLeft=false
Halfa  (6782,4801)  (6757,4879)  (6679,4747)  (6596,4759)  (6620,4822)  | overflowToLeft=false
Halifax-Nova Scotia  (1779,2071)  (1864,2023)  (1948,1984)  (1753,1924)  | overflowToLeft=false
Halmahera-Maluku Is.  (11902,5530)  | overflowToLeft=false


Hamburg  (5790,2010)  (5655,1909)  (5715,1900)  (5620,1980)  (5825,2108)  (5825,2058)  (5705,2002)  (5855,1975)  | overflowToLeft=false


Hanoi-Tonkin  (10530,4175)  (10666,4220)  (10580,4304)  (10590,4377)  (10607,4145)  | overflowToLeft=false
Harbin  (11471,2414)  (11473,2469)  (11467,2359)  (11527,2358)  (11413,2471)  (11486,2303)  (11546,2303)  (11448,2526)  (11388,2526)  (11328,2556)  (11606,2266)  (11517,2248)  (11461,2581)  (11401,2581)  (11459,2636)  (11399,2636)  | overflowToLeft=false
Havana-Cuba  (1177,3461)  (1101,3440)  (1021,3451)  (960,3479)  | overflowToLeft=false
Hawaiian Is.  (14947,4207)  (15007,4209)  (14951,4256)  (14994,4153)  | overflowToLeft=false
Helsinki  (6720,1245)  (6608,1257)  (6719,1185)  (6640,1150)  (6710,1128)  | overflowToLeft=false
Herat  (8564,3339)  (8624,3293)  (8516,3414)  | overflowToLeft=false
Himalayas  (9209,3440)  (9181,3351)  (9290,3478)  | overflowToLeft=false
Hiroshima  (11929,3280)  (11930,3332)  (11999,3213)  | overflowToLeft=true
Hokkaido  (12317,2315)  (12409,2459)  (12328,2444)  (12268,2514)  (12320,2381)  | overflowToLeft=true
Hollandia-Dutch New Guinea  (12707,5860)  (12761,5915)  (12701,5915)  (12651,5805)  (12711,5805)  (12647,5860)  (12767,5860)  (12771,5796)  (12816,5970)  (12756,5970)  (12644,5750)  (12821,5915)  (12591,5805)  (12587,5881)  (12827,5851)  | overflowToLeft=false
Honduras  (775,3946)  (847,3924)  | overflowToLeft=false
Hong Kong-Kwangtung  (11032,4038)  (11012,4093)  (11015,3983)  (11075,3983)  (11092,4038)  | overflowToLeft=false
Honolulu-Pearl Harbor  (14722,3979)  (14790,4024)  (14880,4073)  (14665,3911)  | overflowToLeft=false
Hopei  (10865,3155)  (10897,3210)  (10837,3210)  (10826,3100)  (10886,3100)  (10925,3155)  (10777,3242)  (10854,3045)  (10771,3297)  | overflowToLeft=false
Hunan  (10662,3766)  (10716,3821)  (10656,3821)  (10606,3711)  (10666,3711)  (10602,3766)  (10722,3766)  (10726,3702)  (10596,3831)  (10764,3876)  (10704,3876)  (10606,3656)  (10542,3776)  (10644,3886)  (10786,3729)  (10665,3941)  | overflowToLeft=false
Hyderabad  (9033,4437)  (9087,4492)  (9027,4492)  (8977,4382)  (8973,4437)  (9093,4387)  (8967,4493)  (9085,4547)  | overflowToLeft=false
Iceland  (4035,726)  (4089,671)  (3975,720)  (4095,726)  | overflowToLeft=false
Idaho  (16272,2086)  (16326,2141)  (16266,2141)  (16219,2031)  (16279,2031)  (16206,2151)  (16381,2196)  (16321,2196)  (16219,1976)  (16386,2095)  (16261,2206)  (16229,1921)  (16441,2150)  (16441,2205)  (16238,1866)  | overflowToLeft=false
Irkutsk  (10576,1734)  (10630,1789)  (10570,1789)  (10520,1679)  (10580,1679)  (10516,1734)  (10636,1734)  (10640,1670)  (10510,1799)  (10678,1844)  (10618,1844)  (10465,1624)  (10525,1624)  (10690,1789)  (10460,1679)  (10456,1744)  | overflowToLeft=false
Isfahan  (8112,3534)  (8166,3589)  (8106,3589)  (8056,3479)  (8116,3479)  (8052,3534)  (8172,3534)  (8176,3471)  (7992,3547)  | overflowToLeft=false
Istanbul  (6678,3290)  (6782,3198)  | overflowToLeft=false
Istria  (5891,2770)  (5875,2836)  (5951,2793)  | overflowToLeft=false
Italian Somaliland  (7390,5400)  (7330,5421)  (7450,5370)  | overflowToLeft=false
Ivory Coast  (4708,5292)  (4815,5262)  (4820,5175)  (4664,5063)  (4622,5130)  (4502,5083)  | overflowToLeft=false
Iwo Jima-Bonin Is.  (12942,3793)  (12943,3735)  (12943,3680)  (12933,3851)  | overflowToLeft=false
Jamaica  (1229,3731)  | overflowToLeft=false
Jehol-Rehe  (11034,2710)  (11088,2765)  (11028,2765)  (10978,2655)  (11038,2655)  (10974,2710)  (11094,2710)  (11098,2646)  (11016,2600)  (11148,2765)  (10914,2762)  (10914,2707)  (11076,2591)  (11136,2591)  (11057,2536)  (11117,2536)  | overflowToLeft=false
Johnston Is.  (14445,4755)  | overflowToLeft=false
Jordan  (7193,3962)  (7266,3961)  (7224,3830)  (7336,3847)  (7394,3779)  (7307,3773)  (7407,3841)  | overflowToLeft=false
Juba-S.Sudan  (6637,5198)  (6608,5302)  (6762,5145)  (6855,5117)  (6688,5329)  (6773,5281)  (6846,5186)  | overflowToLeft=false
Juneau  (15720,1276)  (15793,1350)  (15495,1094)  | overflowToLeft=false


Juteland  (5785,1690)  (5800,1563)  (5859,1563)  (5726,1688)  (5739,1635)  (5849,1646)  (5869,1607)  (5884,1512)  (5752,1565)  | overflowToLeft=true


Kabul  (8653,3411)  (8605,3466)  (8692,3356)  | overflowToLeft=false
Kalahari  (6152,6751)  (6151,6824)  (6179,6903)  (6200,6971)  (6275,7008)  (6305,6794)  (6321,6697)  (6363,6629)  | overflowToLeft=false
Kamchatka  (12791,1764)  (12808,1698)  (12732,1652)  (12643,1660)  (12632,1736)  (12651,1809)  (12664,1873)  (12705,1938)  | overflowToLeft=false
Kanchow  (10902,3791)  (10929,3846)  (10869,3846)  (10853,3736)  (10913,3736)  (10880,3681)  | overflowToLeft=false
Kandahar  (8545,3592)  (8565,3647)  (8507,3537)  (8505,3650)  (8605,3551)  | overflowToLeft=false
Kansas-Oklahoma  (219,2534)  (273,2589)  (213,2589)  (163,2479)  (223,2479)  (159,2534)  (279,2534)  (283,2470)  (328,2644)  (268,2644)  (154,2424)  (214,2424)  (333,2589)  (339,2525)  (343,2424)  (383,2699)  (323,2699)  (263,2699)  | overflowToLeft=false
Karachi  (8560,3904)  (8610,3959)  (8550,3959)  (8531,3849)  (8591,3849)  (8490,3994)  (8651,3813)  (8638,4014)  (8578,4014)  (8521,3794)  (8588,4069)  (8472,3739)  (8532,3739)  | overflowToLeft=false
Karelia  (6984,990)  (6908,975)  (6858,914)  (6887,848)  (6961,804)  (6895,763)  (6971,738)  | overflowToLeft=false
Kashmire  (8923,3299)  (8977,3354)  (8867,3244)  (8927,3244)  | overflowToLeft=false
Katanga  (6342,5970)  (6396,6025)  (6336,6025)  (6286,5915)  (6346,5915)  (6282,5970)  (6402,5970)  (6406,5906)  (6276,6035)  (6451,6080)  (6391,6080)  (6231,5860)  (6291,5860)  (6456,6025)  (6226,5915)  (6222,5980)  (6351,5851)  | overflowToLeft=false
Kazan  (8001,1599)  (8055,1654)  (7995,1654)  (7945,1544)  (8005,1544)  (7941,1599)  (8061,1599)  (8065,1535)  (7935,1664)  (8110,1709)  (8050,1709)  (8115,1654)  (8062,1480)  | overflowToLeft=false
Kendari-E.Celebs  (11548,5784)  (11568,5843)  (11545,5725)  (11583,5671)  | overflowToLeft=false
Kentucky-Tennessee  (843,2575)  (897,2630)  (837,2630)  (821,2520)  (881,2520)  (783,2575)  (903,2575)  (777,2640)  (941,2491)  (957,2630)  (963,2546)  (717,2642)  | overflowToLeft=false
Kenya  (7020,5654)  (7074,5709)  (7014,5709)  (6964,5599)  (7024,5599)  (6960,5654)  (7080,5654)  (7084,5590)  (6954,5719)  (7110,5764)  (7050,5764)  (7134,5709)  (6904,5599)  (6900,5664)  (6990,5774)  (7140,5645)  (7144,5567)  | overflowToLeft=false
Kerman  (8173,3839)  (8227,3894)  (8167,3894)  (8123,3784)  (8233,3835)  (8107,3892)  (8179,3949)  (8142,3729)  | overflowToLeft=false
Khabarovsk  (11716,2003)  (11770,2058)  (11710,2058)  (11660,1948)  (11720,1948)  (11656,2003)  (11776,2003)  (11780,1939)  (11650,2068)  (11802,2113)  (11742,2113)  (11616,1893)  (11676,1893)  (11830,2058)  (11600,1948)  (11596,2013)  | overflowToLeft=false
Khanty-Mansiysk  (8761,1125)  (8613,1123)  (8541,1008)  (8609,896)  (8768,909)  (8944,870)  (9129,818)  (9030,1088)  (9071,976)  (9118,896)  (9150,1053)  (9209,961)  (9234,856)  (9245,752)  | overflowToLeft=false
Kharga-Western Desert  (6511,4577)  (6512,4513)  (6511,4438)  (6701,4445)  (6781,4486)  (6740,4563)  (6649,4595)  (6506,4370)  (6578,4590)  (6580,4518)  | overflowToLeft=false
Kharkiv  (7297,2470)  (7321,2525)  (7316,2415)  (7237,2463)  (7357,2470)  (7256,2523)  (7254,2417)  (7374,2418)  | overflowToLeft=false
Khartoum-Sudan  (6964,4853)  (7018,4908)  (6958,4908)  (6908,4798)  (6968,4798)  (6904,4853)  (7024,4853)  (7028,4789)  (6898,4918)  (7002,4963)  (6908,4743)  (6968,4743)  (6844,4863)  (7028,4734)  (6942,4973)  (6882,4973)  (7088,4729)  | overflowToLeft=false
Kherson  (6957,2775)  (7008,2746)  (7063,2738)  (7115,2743)  | overflowToLeft=false
Khorasan  (8354,3398)  (8408,3453)  (8348,3453)  (8300,3343)  (8360,3343)  (8294,3398)  (8414,3398)  (8288,3463)  (8420,3332)  (8381,3508)  (8321,3518)  (8374,3277)  | overflowToLeft=false
Kiangsi  (11208,3864)  (11262,3919)  (11202,3919)  (11189,3809)  (11249,3809)  (11148,3864)  (11268,3864)  (11142,3929)  (11309,3764)  (11088,3874)  (11328,3819)  (11028,3892)  | overflowToLeft=false
Kilwa  (6911,5874)  (6911,5819)  (6971,5855)  (6971,5910)  (6857,5949)  (6797,5987)  (7031,5881)  (6823,6042)  (6763,6090)  (6824,6097)  | overflowToLeft=false
King Salmon-Aleut Pen.  (14857,1196)  (14898,1263)  (14917,1173)  (14958,1228)  (14977,1157)  | overflowToLeft=false
Kirov  (7941,1078)  (8023,1028)  (8050,937)  (8017,1116)  (7933,892)  (7836,894)  (7819,1057)  (7723,1053)  (7727,966)  (8094,1070)  | overflowToLeft=false
Kjolen  (6320,797)  (6248,795)  (6293,727)  (6357,652)  (6471,614)  (6536,606)  | overflowToLeft=false
Kodiak Is.  (15120,1227)  | overflowToLeft=false
Kolyma  (12558,560)  (12612,615)  (12552,615)  (12502,505)  (12562,505)  (12498,560)  (12618,560)  (12622,496)  (12492,625)  (12598,670)  (12447,450)  (12507,450)  (12672,615)  (12442,505)  (12438,570)  (12538,680)  (12478,680)  | overflowToLeft=false
Komi  (8292,933)  (8346,988)  (8286,988)  (8236,878)  (8296,878)  (8232,933)  (8352,933)  (8356,869)  (8226,998)  (8376,1043)  (8316,1043)  (8206,823)  (8266,823)  (8326,814)  (8386,814)  (8256,1053)  (8196,1053)  (8166,998)  (8446,791)  | overflowToLeft=false
Konduz  (8770,3267)  | overflowToLeft=false
E.Prussia  (6559,1926)  (6493,1954)  (6427,1940)  (6550,1850)  (6486,1854)  (6516,1805)  | overflowToLeft=true
Konya  (6966,3460)  (6906,3512)  (6906,3457)  (7026,3433)  (7026,3488)  | overflowToLeft=false
Koryak  (13086,1204)  (13140,1259)  (13080,1259)  (13030,1149)  (13090,1149)  (13026,1204)  (13146,1204)  (13150,1140)  (13020,1269)  (13089,1314)  (12975,1094)  (13035,1094)  (13200,1259)  (13095,1085)  (13155,1085)  (12988,1324)  | overflowToLeft=false
Kosice-Munkacs  (6523,2457)  (6560,2565)  (6500,2565)  (6470,2490)  (6496,2424)  (6566,2504)  (6615,2533)  (6601,2573)  | overflowToLeft=false
Kra-Buri  (10226,4949)  (10272,5006)  (10227,4884)  (10235,4805)  (10277,4737)  (10371,5095)  (10301,5058)  | overflowToLeft=false
Krakow-Lublin  (6610,2285)  (6552,2300)  (6572,2185)  (6527,2370)  (6490,2325)  (6500,2240)  (6515,2200)  (6593,2158)  (6613,2205)  (6615,2244)  | overflowToLeft=false
Krasnodar  (7428,2784)  (7368,2805)  (7488,2751)  (7488,2806)  (7548,2787)  (7365,2770)  (7428,2748)  (7436,2816)  (7542,2842)  (7585,2855)  (7301,2830)  (7305,2779)  | overflowToLeft=false
Krasnoyarsk  (10136,1757)  (10190,1812)  (10130,1812)  (10080,1702)  (10140,1702)  (10076,1757)  (10196,1757)  (10200,1693)  (10070,1822)  (10245,1867)  (10185,1867)  (10025,1647)  (10085,1647)  (10250,1812)  (10020,1702)  (10016,1767)  | overflowToLeft=false
Kunming  (10425,3972)  (10479,4027)  (10419,4027)  (10369,3917)  (10429,3917)  (10365,3972)  (10485,3972)  (10489,3908)  (10359,4037)  (10529,4082)  (10539,4027)  (10475,3853)  (10326,4092)  (10599,4058)  | overflowToLeft=false
Kurdistan  (7851,3222)  (7860,3277)  (7800,3277)  (7791,3222)  (7911,3219)  (7765,3167)  | overflowToLeft=false
Kurgan  (8807,2202)  (8784,2120)  (8864,2069)  (8961,2094)  (8979,2160)  (8938,2231)  (8885,2142)  | overflowToLeft=false
Kursk-Vorozneh  (7372,2335)  (7429,2390)  (7312,2349)  (7432,2330)  (7481,2445)  (7252,2362)  (7487,2391)  (7486,2337)  (7190,2369)  (7436,2450)  (7487,2492)  (7523,2439)  | overflowToLeft=false
Kuwait  (7691,3853)  (7786,3891)  | overflowToLeft=false
Kuybysev  (8038,1914)  (7982,1975)  (8011,2055)  (8096,2101)  (8191,2148)  (8199,2081)  (8114,2027)  (8277,2046)  (8324,1974)  (8331,1893)  (8276,1820)  (8184,1794)  (8069,1840)  | overflowToLeft=false
Kwajalein-Marshall Is.  (13665,4833)  (13588,4838)  (13629,4765)  (13546,4766)  (13604,4699)  (13471,4750)  | overflowToLeft=false
Kwangsi  (10793,4056)  (10847,4111)  (10787,4111)  (10737,4001)  (10797,4001)  (10733,4056)  (10853,4056)  (10857,3992)  (10727,4121)  (10867,4166)  (10807,4166)  (10917,3951)  | overflowToLeft=false
Kweichow  (10384,3540)  (10506,3601)  (10437,3609)  (10468,3678)  (10305,3520)  (10313,3429)  (10504,3516)  (10585,3567)  (10453,3447)  (10383,3395)  | overflowToLeft=false
Kyiv-Cen.Ukraine  (6905,2509)  (6909,2452)  (6937,2396)  (6999,2393)  (6974,2451)  (6964,2510)  (7014,2502)  (7020,2445)  | overflowToLeft=false
Kyoto-Osaka  (12192,3313)  (12095,3237)  (12127,3181)  (12238,3258)  | overflowToLeft=false
Kyrgyzstan-Tajikistan  (8939,2763)  (8958,2818)  (8898,2818)  (8946,2708)  (8879,2763)  (8999,2763)  (9006,2696)  (8942,2873)  (9014,2641)  (9074,2628)  (8882,2914)  (8929,2969)  (8930,3024)  | overflowToLeft=false
Kyushu  (11818,3453)  (11891,3556)  (11922,3499)  (11847,3503)  | overflowToLeft=true
Labrador  (1950,1558)  (1890,1592)  (2010,1563)  (1879,1488)  (1830,1591)  (1819,1491)  (1786,1436)  (1770,1550)  (1759,1495)  (1726,1440)  (1724,1383)  (1699,1501)  (1692,1328)  | overflowToLeft=false
Lagos-S.Nigeria  (5398,5284)  (5452,5339)  (5392,5339)  (5342,5229)  (5402,5229)  (5338,5284)  (5458,5284)  (5332,5349)  (5512,5339)  (5572,5327)  (5632,5327)  | overflowToLeft=false
Lanzhou  (10516,3304)  (10570,3359)  (10510,3359)  (10460,3249)  (10520,3249)  (10456,3304)  (10576,3304)  (10580,3240)  (10619,3414)  (10559,3414)  (10430,3194)  | overflowToLeft=false
Laos  (10393,4337)  (10354,4267)  (10397,4138)  (10489,4251)  (10506,4382)  (10547,4448)  (10584,4524)  | overflowToLeft=false
Lapland  (6811,771)  (6717,760)  (6703,690)  (6784,690)  (6657,551)  (6758,508)  (6780,438)  | overflowToLeft=false
Lashio-Shan State  (10193,4168)  (10260,4205)  (10142,4116)  (10121,4041)  (10193,4027)  (10257,4053)  | overflowToLeft=false
Latgale  (6853,1788)  (6828,1843)  (6782,1786)  (6780,1731)  (6840,1733)  (6842,1693)  (6874,1703)  (6882,1750)  (6882,1799)  (6877,1841)  (6793,1813)  (6800,1774)  (6827,1726)  (6757,1768)  | overflowToLeft=true
Latvia  (6709,1647)  (6684,1592)  (6769,1629)  (6570,1645)  (6637,1649)  (6710,1705)  (6773,1687)  (6835,1648)  (6501,1643)  (6555,1587)  | overflowToLeft=true
Leeward Is.  (2020,3891)  | overflowToLeft=false
Leningrad  (6917,1324)  (6971,1379)  (6911,1379)  (6861,1269)  (6921,1269)  (6857,1324)  (6977,1324)  (6981,1267)  (6957,1434)  (7037,1322)  (6890,1431)  (7028,1375)  (6851,1373)  (6796,1323)  (6801,1268)  (7037,1270)  | overflowToLeft=false
Leopoldville-Kinshasa  (5787,5939)  (5895,5961)  (5991,5970)  (6057,5899)  (6082,5828)  (6013,5753)  (5914,5758)  (5888,5854)  | overflowToLeft=false
Lhasa-E.Tibet  (9687,3452)  (9682,3531)  (9774,3569)  (9879,3555)  (9897,3463)  (9869,3377)  (9773,3405)  | overflowToLeft=false
Liberia  (4516,5194)  (4570,5249)  (4456,5193)  | overflowToLeft=false
Lindi  (6849,6212)  (6849,6281)  (7008,6293)  (7011,6237)  | overflowToLeft=false
Line Is.  (15355,5349)  | overflowToLeft=false
Lisbon  (4140,3262)  (4194,3153)  | overflowToLeft=false
Lithuania  (6639,1881)  (6703,1880)  (6702,1815)  (6632,1818)  (6653,1753)  (6585,1751)  (6767,1864)  (6582,1696)  (6517,1699)  (6521,1753)  | overflowToLeft=true
London-S.England  (5053,1865)  (4953,1837)  (4872,1825)  (4875,1757)  (4945,1752)  (5017,1723)  (5112,1785)  (4802,1818)  (4710,1847)  (4715,1785)  (4638,1827)  | overflowToLeft=true
Lorestan  (7841,3399)  (7838,3454)  (7819,3344)  (7849,3509)  | overflowToLeft=false
Lorraine  (5416,2521)  (5360,2535)  (5350,2385)  (5270,2480)  (5296,2540)  (5414,2576)  (5350,2335)  (5361,2290)  | overflowToLeft=false
Los Angeles-S.California  (16055,2692)  (16092,2763)  (16189,2752)  (16186,2680)  (16130,2602)  (16081,2538)  (16024,2443)  | overflowToLeft=false
Lucknow-Oudh  (9206,3753)  (9166,3689)  (9193,3601)  (9243,3535)  (9400,3707)  (9418,3776)  (9403,3837)  | overflowToLeft=false
Lviv  (6799,2510)  (6842,2565)  (6751,2565)  (6835,2455)  (6739,2510)  (6697,2564)  (6674,2518)  (6759,2464)  (6841,2506)  (6805,2565)  | overflowToLeft=false
Madagascar  (7537,6637)  (7467,6736)  (7431,6876)  (7344,6986)  (7365,7113)  (7485,7009)  (7696,6679)  (7694,6585)  (7757,6482)  (7791,6395)  | overflowToLeft=false
Madeira Is.  (3632,4051)  | overflowToLeft=false
Madras  (9084,4722)  (9129,4777)  (9069,4777)  (9092,4667)  (9024,4722)  (9144,4722)  (9152,4654)  (9088,4832)  (8962,4602)  (9146,4599)  (9157,4544)  (9210,4376)  | overflowToLeft=false
Madrid-Cen.Spain  (4510,3314)  (4516,3241)  (4513,3170)  (4594,3332)  (4682,3343)  (4690,3261)  (4690,3197)  | overflowToLeft=false
Magadan  (11766,1523)  (11820,1578)  (11760,1578)  (11723,1468)  (11783,1468)  (11706,1523)  (11826,1523)  (11700,1588)  (11843,1446)  (11815,1633)  (11646,1533)  (11646,1478)  (11755,1643)  (11695,1643)  (11886,1501)  (11640,1588)  | overflowToLeft=false
Majorca  (5001,3256)  | overflowToLeft=false
Makassar-S.Celebs  (11406,5792)  (11438,5737)  (11441,5682)  (11446,5857)  (11445,5928)  | overflowToLeft=false
Malaya  (10323,5153)  (10436,5150)  (10454,5228)  | overflowToLeft=false
Maldives  (8750,5121)  | overflowToLeft=false
Malta  (5873,3861)  | overflowToLeft=false
Manado-N.Celebs  (11497,5536)  (11557,5537)  (11619,5541)  (11684,5545)  (11750,5532)  | overflowToLeft=false
W.Nunavut  (27,1008)  (22,1110)  (24,1199)  (137,1227)  (218,1155)  (224,1024)  (227,904)  (197,805)  (80,792)  (20,876)  | overflowToLeft=false
Manchuria-Manchukuo  (11221,2251)  (11275,2306)  (11215,2306)  (11165,2196)  (11225,2196)  (11161,2251)  (11281,2251)  (11285,2187)  (11155,2316)  (11330,2361)  (11270,2361)  (11110,2141)  (11170,2141)  (11335,2306)  (11105,2196)  | overflowToLeft=false
Manila-Luzon  (11618,4571)  (11604,4626)  (11613,4516)  (11607,4688)  (11676,4717)  (11749,4747)  (11685,4561)  (11680,4499)  (11613,4457)  | overflowToLeft=false
Maputo-S.Mozambique  (6745,6911)  (6797,6966)  (6737,6966)  (6714,6856)  (6778,7021)  (6718,7021)  (6715,6801)  (6775,6790)  (6729,6735)  (6789,6735)  (6672,7099)  (6751,6680)  | overflowToLeft=false
Maracaju  (2239,5461)  (2275,5553)  (2234,5647)  (2101,5785)  (1983,5787)  (1975,5702)  (1992,5623)  | overflowToLeft=false
Mariupol  (7232,2638)  (7231,2589)  (7207,2539)  (7169,2571)  (7167,2627)  (7170,2685)  (7108,2683)  (7102,2628)  (7063,2669)  (7074,2624)  (7122,2598)  | overflowToLeft=true
Marquesas Is.  (15885,6203)  | overflowToLeft=false
Mato Grosso  (2149,5252)  (2004,5215)  (1876,5195)  (1858,5302)  (1903,5429)  (2011,5470)  (2130,5392)  (2216,5327)  | overflowToLeft=false
Mauritania  (4327,4474)  (4340,4574)  (4369,4666)  (4461,4712)  (4464,4611)  (4483,4472)  (4516,4391)  (4502,4304)  (4584,4329)  | overflowToLeft=false
Mazandaran  (8209,3266)  (8216,3321)  (8267,3211)  (8149,3236)  (8269,3266)  (8156,3355)  (8327,3197)  (8185,3410)  | overflowToLeft=false
Mecca  (7402,4418)  (7439,4489)  (7511,4521)  (7538,4455)  (7501,4383)  | overflowToLeft=false


Mecklenburg  (6020,1960)  (5925,1935)  (5960,1895)  (6126,1935)  (6060,1885)  | overflowToLeft=false


Medan-W.Sumatra  (10253,5503)  (10286,5558)  (10199,5448)  (10259,5448)  (10286,5613)  (10172,5393)  (10232,5393)  (10135,5338)  (10099,5283)  (10312,5724)  (10326,5779)  (10367,5858)  (10411,5913)  (10428,5968)  | overflowToLeft=false
Medina-Jeddah  (7236,4201)  (7285,4256)  (7180,4146)  (7240,4146)  (7315,4311)  (7143,4091)  (7203,4091)  (7316,4366)  | overflowToLeft=false
Melbourne-Victoria  (12955,7614)  (12981,7669)  (12921,7669)  (12899,7559)  (12895,7614)  (13015,7594)  (13041,7649)  (12839,7559)  (13101,7639)  | overflowToLeft=false
Mexico City  (91,3509)  (99,3443)  (11,3353)  (82,3347)  | overflowToLeft=false
Michigan-Indiana  (888,2195)  (921,2250)  (861,2250)  (844,2140)  (948,2158)  (801,2296)  (921,2305)  (861,2305)  (845,2085)  (905,2073)  (927,2360)  (867,2360)  (807,2360)  (924,2415)  (864,2415)  | overflowToLeft=false
Midway Is.  (14047,3809)  | overflowToLeft=false
Milan-N.Italy  (5672,2902)  (5500,2877)  (5439,2806)  (5433,2737)  (5566,2762)  (5644,2724)  (5643,2802)  (5744,2916)  | overflowToLeft=false
Minsk  (6922,2010)  (6965,2065)  (6905,2065)  (6899,1955)  (6959,1955)  (6973,2120)  (6975,2008)  (6871,2012)  (6912,1904)  (6917,2118)  (6866,2065)  | overflowToLeft=true
Mobile-Alabama  (775,2779)  (829,2834)  (719,2724)  (779,2724)  (715,2786)  (835,2779)  | overflowToLeft=false
Mogadishu  (7318,5549)  (7288,5604)  (7320,5494)  | overflowToLeft=false
Mogilev  (7046,2068)  (7033,2122)  (7029,2015)  (7059,1971)  (7091,1991)  (7088,2032)  (7101,2077)  (7088,2118)  (7148,2103)  (7147,2045)  | overflowToLeft=false
Moldavia  (6805,2685)  (6766,2630)  (6834,2740)  (6822,2637)  (6882,2786)  (6867,2744)  (6848,2703)  (6772,2679)  (6793,2724)  (6742,2643)  | overflowToLeft=false
Montana  (16538,1964)  (16592,2019)  (16532,2019)  (16482,1909)  (16542,1909)  (16478,1964)  (16598,1964)  (16602,1900)  (16472,2029)  (16652,2019)  (16422,1909)  (16418,1974)  (16658,1955)  (16662,1889)  (16712,2010)  (16362,1919)  | overflowToLeft=false
Montenegro  (6209,3075)  | overflowToLeft=false
Monterrey  (194,3352)  (246,3407)  (186,3407)  (139,3297)  (199,3297)  (254,3352)  (259,3287)  (246,3462)  (83,3242)  (143,3242)  (250,3517)  (28,3187)  (88,3187)  (23,3270)  (190,3525)  (0,3132)  (60,3132)  | overflowToLeft=false
Morocco  (4485,4050)  (4539,4105)  (4479,4105)  (4429,3995)  (4425,4050)  (4545,4003)  (4419,4115)  (4599,4058)  (4599,4113)  (4369,3995)  (4365,4060)  (4605,4000)  (4359,4145)  (4659,4055)  (4309,4005)  (4305,4090)  (4665,3976)  | overflowToLeft=false
Moscow-Cen.Russia  (7763,1755)  (7860,1755)  (7782,1835)  (7875,1866)  (7951,1813)  (7663,1795)  (7650,1720)  (7791,1680)  (7632,1620)  (7558,1574)  (7576,1495)  (7635,1550)  (7753,1591)  (7679,1465)  (7775,1511)  | overflowToLeft=false
Mosul-Kirkuk  (7622,3507)  (7630,3437)  (7697,3476)  (7767,3478)  (7739,3410)  | overflowToLeft=false
Mozhaysk-Kaluga  (7484,1844)  (7557,1843)  (7470,1984)  (7473,1921)  (7543,1921)  (7614,1952)  (7613,1892)  (7470,1782)  (7539,1782)  (7475,1719)  (7537,1719)  (7682,1924)  | overflowToLeft=false
Mukden-Port Arthur  (11288,2786)  (11337,2841)  (11277,2841)  (11274,2731)  (11334,2731)  (11348,2786)  (11217,2844)  (11315,2896)  (11217,2676)  (11277,2676)  (11257,2621)  | overflowToLeft=false
Murmansk  (6927,532)  (6981,587)  (6880,477)  (6940,477)  (6868,590)  (6867,535)  (6987,532)  (6869,645)  (7041,587)  (7047,499)  (7101,554)  (7101,609)  | overflowToLeft=false
Muscat  (8250,4385)  (8259,4440)  (8241,4330)  (8301,4330)  (8199,4467)  (8235,4275)  (8295,4275)  (8355,4275)  (8139,4507)  (8212,4522)  (8152,4562)  | overflowToLeft=false
N.Burma  (9858,4033)  (9895,4104)  (9968,4166)  (10063,4148)  (10053,4062)  (9974,4091)  (10052,3947)  (9946,3911)  (9871,3956)  (9874,3857)  (9808,3781)  (9891,3743)  | overflowToLeft=false
N.England  (4938,1569)  (4992,1624)  (4932,1624)  (4910,1514)  (4970,1514)  (4872,1661)  (4945,1679)  (4909,1459)  (5006,1675)  (5003,1568)  (4977,1453)  (4868,1571)  (4845,1480)  (5054,1622)  | overflowToLeft=false
N.Ireland  (4648,1388)  (4585,1384)  (4674,1449)  (4711,1392)  (4593,1322)  (4657,1325)  | overflowToLeft=false
N.Korea-Chosen  (11441,2956)  (11411,2859)  (11515,2709)  (11508,2781)  (11509,2876)  | overflowToLeft=false
N.Nigeria  (5569,5078)  (5623,5133)  (5563,5133)  (5513,5023)  (5573,5023)  (5509,5078)  (5629,5078)  (5633,5014)  (5503,5143)  (5678,5188)  (5618,5188)  (5526,4968)  (5683,5133)  (5449,5088)  (5586,4959)  (5646,4959)  (5558,5198)  | overflowToLeft=false
N.Ontario  (469,1494)  (523,1549)  (463,1549)  (413,1439)  (473,1439)  (409,1494)  (529,1494)  (533,1430)  (403,1559)  (358,1384)  (418,1384)  (583,1549)  (353,1439)  (349,1504)  (589,1485)  (343,1567)  (596,1604)  (303,1329)  (363,1329)  | overflowToLeft=false
N.Quebec  (1291,1378)  (1345,1433)  (1285,1433)  (1235,1323)  (1295,1323)  (1231,1378)  (1351,1378)  (1355,1314)  (1225,1443)  (1351,1488)  (1291,1488)  (1180,1268)  (1240,1268)  (1405,1433)  (1175,1323)  (1171,1388)  (1300,1259)  | overflowToLeft=false
N.Rhodesia  (6430,6443)  (6484,6498)  (6424,6498)  (6374,6388)  (6434,6388)  (6370,6443)  (6490,6443)  (6364,6508)  (6319,6333)  (6379,6333)  (6544,6498)  (6314,6388)  (6546,6327)  (6546,6382)  (6310,6453)  (6550,6437)  (6304,6540)  | overflowToLeft=false
N.Sakhalin  (12096,1907)  | overflowToLeft=false
Nafud  (7424,4003)  (7478,4058)  (7418,4058)  (7368,3948)  (7428,3948)  (7364,4003)  (7484,4003)  (7358,4066)  (7544,3960)  (7544,4015)  (7298,4054)  (7604,3981)  | overflowToLeft=false
Nagpur  (9099,4095)  (9052,4025)  (9076,3940)  (9148,3864)  (9261,3890)  (9295,3961)  (9237,4042)  (9157,4183)  (9137,4255)  (9112,4316)  | overflowToLeft=false
Nunavut  (451,770)  (505,825)  (445,825)  (395,715)  (455,715)  (391,770)  (511,770)  (515,706)  (385,835)  (487,880)  (422,660)  (331,780)  (482,651)  (542,651)  (427,890)  (367,890)  (571,761)  (575,706)  (325,835)  (307,913)  (602,619)  | overflowToLeft=false
Nanking  (11297,3474)  (11242,3529)  (11291,3419)  (11357,3447)  (11357,3502)  (11351,3375)  (11182,3528)  (11417,3448)  (11152,3473)  | overflowToLeft=false
Naples-S.Italy  (5988,3431)  (6025,3349)  (5895,3320)  (5942,3247)  (6103,3364)  (6011,3499)  | overflowToLeft=false
Narvik  (6255,659)  (6210,640)  (6280,605)  (6398,556)  | overflowToLeft=false
Natal  (6356,7180)  (6348,7125)  (6296,7219)  (6416,7142)  (6416,7197)  (6288,7164)  (6250,7109)  (6476,7181)  (6228,7192)  (6487,7236)  (6190,7137)  (6190,7082)  (6547,7241)  (6130,7108)  (6130,7053)  (6584,7296)  (6610,7241)  | overflowToLeft=false
Navarre  (4715,2982)  (4761,2921)  | overflowToLeft=false
Nebraska  (212,2284)  (266,2339)  (206,2339)  (156,2229)  (216,2229)  (152,2284)  (272,2284)  (276,2220)  (326,2339)  (96,2229)  (92,2289)  (332,2275)  (336,2218)  (386,2330)  (36,2234)  (32,2289)  (392,2273)  (396,2218)  (446,2328)  | overflowToLeft=false
Nejd  (7590,4374)  (7585,4307)  (7663,4273)  (7724,4334)  (7767,4412)  (7669,4447)  | overflowToLeft=false
Nenetsia  (7850,713)  (7904,768)  (7844,768)  (7794,658)  (7854,658)  (7790,713)  (7910,713)  (7914,649)  (7784,778)  (7843,603)  (7964,768)  (7734,658)  (7730,723)  (7748,833)  (7970,704)  (7974,613)  (7724,778)  (8007,823)  (7688,874)  | overflowToLeft=false
Nepal  (9341,3581)  (9412,3617)  (9569,3627)  | overflowToLeft=false
Netherlands  (5360,1983)  (5440,2000)  (5525,2026)  (5555,1940)  (5550,1902)  (5466,1912)  | overflowToLeft=true
Nevada  (16122,2385)  (16176,2440)  (16116,2440)  (16066,2330)  (16126,2330)  (16062,2385)  (16182,2385)  (16186,2321)  (16231,2495)  (16171,2495)  (16058,2275)  (16118,2275)  (16236,2440)  (16178,2266)  (16238,2266)  (16242,2376)  | overflowToLeft=false
S.Quebec  (1734,1811)  (1619,1842)  (1567,1906)  (1501,1962)  (1705,1871)  | overflowToLeft=false
New Caledonia Is.  (14140,6880)  | overflowToLeft=false
New Delhi  (9016,3533)  (9028,3449)  (9070,3378)  (9131,3428)  (9132,3502)  (9115,3576)  (9072,3651)  | overflowToLeft=false
New Hebrides Is.  (14659,6787)  | overflowToLeft=false
New Orleans-Louisiana  (586,2854)  (640,2909)  (580,2909)  (530,2799)  (590,2799)  (646,2854)  (653,2964)  (700,2909)  | overflowToLeft=false
New York-New Jersey  (1435,2306)  (1418,2249)  (1335,2177)  (1264,2160)  (1191,2157)  (1343,2111)  (1413,2116)  (1409,2059)  | overflowToLeft=false
Niamey  (5503,4795)  (5557,4850)  (5497,4850)  (5447,4740)  (5507,4740)  (5443,4795)  (5563,4795)  (5567,4731)  (5437,4860)  (5617,4850)  (5387,4740)  (5383,4805)  (5464,4915)  (5404,4915)  (5623,4786)  (5377,4860)  (5677,4841)  | overflowToLeft=false
Nicaragua  (912,4164)  (917,4219)  (891,4109)  (951,4109)  | overflowToLeft=false
Nizhny Novgorod  (7970,1329)  (8024,1384)  (7964,1384)  (7914,1274)  (7974,1274)  (7910,1329)  (8030,1329)  (8034,1265)  (7904,1394)  (8084,1384)  (7850,1339)  (7844,1402)  | overflowToLeft=false
Nome  (14639,711)  (14693,766)  (14633,766)  (14583,656)  (14643,656)  (14579,711)  (14699,711)  (14703,647)  (14696,821)  (14599,601)  (14753,766)  (14519,740)  (14659,592)  (14719,592)  (14759,702)  (14763,647)  (14518,842)  (14779,571)  | overflowToLeft=false
Normandy  (5065,2180)  (5015,2305)  (5048,2260)  (4987,2252)  (4921,2253)  (4922,2195)  (5043,2135)  (4914,2134)  | overflowToLeft=true
Norrland  (6417,890)  (6414,819)  (6494,722)  (6570,679)  | overflowToLeft=false
Norte  (4252,3089)  (4284,3144)  (4312,3055)  | overflowToLeft=false
Northwest Territories  (16521,1079)  (16575,1134)  (16515,1134)  (16465,1024)  (16525,1024)  (16461,1079)  (16581,1079)  (16585,1015)  (16455,1144)  (16630,1189)  (16570,1189)  (16410,969)  (16470,969)  (16635,1134)  (16405,1024)  | overflowToLeft=false
Novgorod  (7151,1225)  (7205,1280)  (7145,1280)  (7095,1170)  (7155,1170)  (7091,1225)  (7211,1225)  (7215,1161)  (7230,1335)  (7170,1335)  (7110,1335)  (7094,1115)  (7154,1115)  (7214,1106)  (7224,1390)  (7164,1390)  (7104,1390)  (7075,1449)  (7146,1453)  (7138,1047)  (7212,1044)  (7191,976)  | overflowToLeft=false
Novosibirsk  (9683,1945)  (9737,2000)  (9677,2000)  (9627,1890)  (9687,1890)  (9623,1945)  (9743,1945)  (9747,1881)  (9617,2010)  (9792,2055)  (9732,2055)  (9572,1835)  (9632,1835)  (9797,2000)  (9567,1890)  (9563,1955)  (9692,1826)  | overflowToLeft=false
Odesa-Mykoliav  (6951,2646)  (6946,2701)  (6923,2591)  (6983,2591)  (6891,2646)  (7011,2650)  (6998,2685)  (7012,2602)  (6904,2700)  (6897,2617)  (6938,2574)  | overflowToLeft=false
Ogoden  (7185,5419)  (7174,5474)  (7196,5364)  (7114,5489)  | overflowToLeft=false
Ohio  (1070,2239)  (994,2255)  (1068,2299)  (1081,2364)  (1077,2435)  (1059,2498)  (996,2423)  (995,2365)  | overflowToLeft=true
Okinawa-Ryukyu Is.  (11716,3950)  | overflowToLeft=false
Olgiy  (9684,2333)  (9738,2388)  (9678,2388)  (9628,2278)  (9688,2278)  (9624,2333)  (9744,2333)  (9618,2388)  (9609,2223)  (9798,2388)  (9568,2278)  (9564,2333)  (9804,2290)  (9858,2345)  | overflowToLeft=false
Oman  (7917,4684)  (7942,4739)  (7882,4739)  (7924,4629)  (7857,4684)  (7977,4684)  (7984,4617)  (7822,4778)  (7797,4721)  (8044,4608)  | overflowToLeft=false
Omsk  (9107,1963)  (9158,2070)  (9220,2153)  (9341,2079)  (9417,1964)  (9447,1811)  (9411,1671)  (9279,1648)  (9171,1727)  (9109,1859)  | overflowToLeft=false
Oran  (4866,3985)  (4817,3930)  (4877,3930)  (4926,3986)  (4986,3990)  | overflowToLeft=false
Orissa  (9397,4076)  (9436,4131)  (9376,4131)  (9384,4021)  (9444,4021)  (9337,4076)  (9457,4076)  (9316,4154)  (9504,3982)  (9564,3975)  | overflowToLeft=false
Orleans  (5103,2491)  (5020,2508)  (5041,2360)  (4980,2436)  (5135,2419)  (5163,2474)  | overflowToLeft=false
Oslo  (5995,1181)  (5996,1121)  (5997,1059)  (5935,1100)  (5880,1165)  (5855,1210)  (5872,1265)  | overflowToLeft=false
Ottawa-Montreal  (1334,1929)  (1314,1863)  (1446,1921)  (1445,1857)  | overflowToLeft=false
Ouargla  (5092,4181)  (5088,4112)  (5124,4048)  (5204,4024)  (5288,4054)  (5301,4128)  (5256,4183)  (5174,4215)  | overflowToLeft=false
Palawan  (11461,4953)  (11412,5011)  (11506,4895)  | overflowToLeft=false
Palembang-S.Sumatra  (10436,5752)  (10490,5807)  (10383,5697)  (10443,5697)  (10516,5862)  (10364,5642)  (10424,5642)  (10510,5917)  (10346,5587)  (10406,5587)  (10361,5532)  | overflowToLeft=false
Palestine  (7087,4055)  (7039,3986)  (7107,3983)  (7127,3884)  | overflowToLeft=false
Palmyra Atoll  (15571,5029)  | overflowToLeft=false
Pampas  (1645,6478)  (1699,6533)  (1639,6533)  (1589,6423)  (1649,6423)  (1585,6478)  (1705,6478)  (1709,6414)  (1579,6543)  (1754,6588)  (1694,6588)  (1554,6368)  (1614,6368)  (1674,6359)  (1734,6359)  (1634,6598)  (1574,6598)  | overflowToLeft=false
Panama  (1132,4365)  (1194,4410)  | overflowToLeft=false
Panay Leyte-Visayas Is.  (11846,4829)  (11847,4889)  (11781,4828)  (11842,4940)  (11775,4885)  (11691,4878)  (11754,4949)  | overflowToLeft=false
Paraguay  (1917,5916)  (1971,5971)  (1861,5861)  (1857,5946)  (1977,5897)  (2031,5952)  (1801,5891)  (1801,5836)  (2039,6007)  | overflowToLeft=false
Paris  (5106,2313)  (5177,2357)  (5245,2200)  (5285,2165)  (5195,2255)  (5290,2252)  (5320,2210)  (5275,2310)  (5240,2385)  | overflowToLeft=false
Patagonia  (1660,6838)  (1692,6893)  (1632,6893)  (1604,6783)  (1664,6783)  (1600,6838)  (1720,6838)  (1724,6778)  (1676,6948)  (1579,6728)  (1639,6728)  (1690,7003)  | overflowToLeft=false
Peking-Tientsin  (10987,2929)  (11041,2984)  (10981,2984)  (10931,2874)  (10991,2874)  (10927,2929)  (11047,2929)  (11051,2871)  (11083,3039)  (11023,3039)  (10871,2874)  (10867,2950)  (11107,2926)  (10807,2972)  | overflowToLeft=false
Peleliu-Palau Is.  (12347,5124)  | overflowToLeft=false
Peleponnese  (6385,3579)  (6457,3605)  (6415,3663)  | overflowToLeft=false
Perm  (8226,1438)  (8227,1539)  (8230,1645)  (8302,1709)  (8324,1569)  (8366,1456)  (8376,1365)  (8144,1279)  (8122,1200)  | overflowToLeft=false
Perth-W.Australia  (11962,7245)  (12016,7300)  (11956,7300)  (11906,7190)  (11966,7190)  (11902,7245)  (12022,7245)  (12026,7181)  (11896,7310)  (12071,7355)  (12011,7355)  (11851,7135)  (11911,7135)  (12076,7300)  (11846,7190)  | overflowToLeft=false
Peru  (1197,5263)  (1251,5318)  (1191,5318)  (1141,5208)  (1201,5208)  (1137,5263)  (1257,5263)  (1261,5199)  (1306,5373)  (1246,5373)  (1186,5373)  (1086,5153)  (1146,5153)  (1311,5318)  (1206,5144)  (1266,5144)  (1317,5254)  (1361,5428)  | overflowToLeft=false
Philadelphia-Pennsylvania  (1306,2351)  (1184,2309)  (1137,2259)  (1201,2222)  (1267,2222)  (1333,2253)  (1321,2300)  (1326,2415)  | overflowToLeft=false
Phoenix Is.  (15206,6074)  | overflowToLeft=false
E.Romania  (6699,3015)  (6705,2960)  (6720,2900)  (6605,2695)  (6605,2645)  (6620,2743)  (6647,2840)  (6647,2792)  | overflowToLeft=false
Poitou  (4770,2385)  (4855,2430)  (4900,2305)  (4960,2340)  (4786,2445)  | overflowToLeft=true
Pomerania  (6295,1885)  (6199,1891)  (6206,1960)  (6245,2000)  (6285,1965)  | overflowToLeft=false
Port Au Prince-Haiti  (1598,3715)  (1529,3716)  | overflowToLeft=false
Port Moresby-Papua  (13129,6063)  (13069,6087)  (13069,6032)  (13009,6131)  (13009,6076)  (13009,6021)  (12994,6195)  (13273,6137)  (12949,6140)  (12949,6085)  (12949,6030)  (13316,6192)  (13366,6247)  (12889,6170)  (12889,6115)  | overflowToLeft=false
Portland-Oregon  (15922,2026)  (15899,2091)  (15908,2153)  (16016,2171)  (16088,2190)  (16105,2126)  (16088,2052)  | overflowToLeft=false
Portuguese Guinea  (4196,4924)  (4289,4865)  | overflowToLeft=false
Praetoria  (6505,7015)  (6559,7070)  (6499,7070)  (6473,6960)  (6533,6960)  (6445,7015)  (6565,7015)  (6439,7075)  (6593,6950)  (6595,7125)  (6535,7125)  (6385,7020)  (6625,7005)  | overflowToLeft=false
Prague  (6215,2357)  (6220,2300)  (6150,2370)  (6077,2343)  (6077,2275)  (6151,2248)  (6287,2329)  | overflowToLeft=false
Primorsky  (11749,2348)  (11780,2403)  (11720,2403)  (11732,2293)  (11792,2293)  (11689,2348)  (11660,2408)  (11852,2245)  (11744,2458)  (11877,2190)  | overflowToLeft=false
Pinsk  (6972,2229)  (6961,2284)  (7032,2181)  (7032,2236)  (6901,2294)  (6906,2246)  (6915,2189)  (6973,2176)  (7072,2172)  (7077,2230)  (7026,2286)  | overflowToLeft=true
Marseille  (5225,2990)  (5243,2925)  (5343,2848)  (5300,2960)  (5295,3005)  (5365,2986)  | overflowToLeft=false
Prypyat  (6829,2382)  (6773,2400)  (6889,2365)  | overflowToLeft=false
Pskov  (6962,1601)  (7016,1656)  (6956,1656)  (6906,1546)  (6966,1546)  (6902,1601)  (7022,1601)  | overflowToLeft=false
Punjab  (8778,3531)  (8829,3586)  (8769,3586)  (8722,3476)  (8782,3476)  (8718,3531)  (8838,3531)  (8842,3467)  (8709,3599)  (8805,3412)  (8865,3412)  (8705,3654)  (8902,3467)  (8645,3688)  | overflowToLeft=false
Qatar  (7960,4095)  (7965,4158)  | overflowToLeft=false
Quebec City-C.Quebec  (1499,1733)  (1540,1788)  (1480,1788)  (1443,1678)  (1503,1678)  (1439,1733)  (1559,1733)  (1563,1669)  (1420,1794)  (1388,1623)  (1448,1623)  (1383,1678)  (1379,1739)  (1508,1614)  (1568,1614)  (1619,1724)  | overflowToLeft=false
Quelimane-N.Mozambique  (6937,6533)  (6991,6588)  (6931,6588)  (6882,6478)  (6942,6478)  (6877,6533)  (6997,6533)  (6871,6598)  (7002,6468)  (6940,6643)  (6875,6423)  (6935,6423)  (6880,6653)  (6995,6413)  (6780,6571)  (6875,6368)  | overflowToLeft=false
Rabaul-New Britain Is.  (13629,5911)  (13589,5967)  (13519,5994)  (13437,5995)  (13699,5897)  (13668,5835)  (13584,5801)  | overflowToLeft=false
Rajputana  (8860,3814)  (8914,3869)  (8854,3869)  (8804,3759)  (8864,3759)  (8800,3814)  (8920,3814)  (8924,3750)  (8794,3879)  (8950,3924)  (8890,3924)  (8768,3704)  (8828,3704)  (8888,3695)  (8948,3695)  (8830,3934)  (8770,3934)  | overflowToLeft=false
Rangoon-S.Burma  (10071,4465)  (10043,4396)  (10039,4318)  (10064,4249)  (10140,4218)  | overflowToLeft=false
Rio De Janeiro-Sao Paulo  (2517,5879)  (2570,5793)  (2552,5664)  (2445,5612)  (2359,5674)  (2289,5768)  (2355,5836)  (2404,5925)  | overflowToLeft=false
Rio De Oro  (4231,4263)  (4285,4318)  (4225,4318)  (4208,4208)  (4268,4208)  (4291,4263)  (4328,4201)  (4246,4373)  (4186,4373)  (4351,4256)  (4234,4428)  (4174,4428)  (4411,4203)  (4411,4258)  (4221,4483)  (4161,4483)  (4202,4538)  | overflowToLeft=false
Rio Grande do Sol  (2192,6101)  (2246,6156)  (2186,6156)  (2138,6046)  (2198,6046)  (2252,6101)  (2126,6166)  (2258,6035)  (2224,6211)  (2138,5991)  (2198,5991)  (2164,6221)  (2104,6221)  (2258,5980)  (2138,5936)  (2198,5936)  (2187,6276)  | overflowToLeft=false
Riyadh  (7678,4138)  (7732,4193)  (7672,4193)  (7648,4083)  (7708,4083)  (7618,4138)  (7738,4138)  (7792,4193)  (7815,4248)  | overflowToLeft=false
Rome-Cen.Italy  (5863,3200)  (5769,3193)  (5714,3118)  (5695,3057)  (5671,2997)  (5777,2990)  (5811,3056)  (5844,3126)  | overflowToLeft=false
Rostov  (7413,2617)  (7467,2672)  (7407,2672)  (7394,2562)  (7454,2562)  (7347,2682)  (7366,2631)  (7296,2616)  (7348,2587)  (7423,2515)  (7472,2617)  (7454,2709)  (7393,2713)  (7336,2719)  (7291,2702)  | overflowToLeft=false
Rub Al Kali  (7968,4404)  (8022,4459)  (7962,4459)  (7912,4349)  (7972,4349)  (7908,4404)  (8028,4404)  (8032,4340)  (7902,4469)  (7921,4294)  (7852,4349)  (7937,4524)  (7877,4524)  (8088,4395)  (8092,4311)  (7817,4554)  (8148,4366)  | overflowToLeft=false
Ryazan  (7842,2099)  (7772,2098)  (7706,2099)  (7637,2100)  (7565,2042)  (7635,2039)  (7704,2037)  (7777,2037)  | overflowToLeft=false
Rzeszow  (6647,2412)  (6663,2467)  (6624,2357)  (6684,2358)  (6589,2421)  (6599,2468)  (6711,2415)  | overflowToLeft=false
Rzhev  (7184,1630)  (7224,1685)  (7164,1685)  (7156,1575)  (7216,1575)  (7124,1630)  (7244,1630)  (7104,1690)  | overflowToLeft=false
S.Hijaz  (7456,4679)  (7485,4734)  (7408,4624)  (7468,4624)  (7471,4789)  (7379,4569)  | overflowToLeft=false
S.Korea-Chosen  (11600,3059)  (11654,3114)  (11594,3114)  (11544,3004)  (11604,3004)  (11540,3059)  (11660,3059)  (11611,3169)  (11540,2949)  | overflowToLeft=false
S.Rhodesia  (6562,6717)  (6616,6772)  (6556,6772)  (6506,6662)  (6566,6662)  (6622,6717)  (6626,6653)  (6641,6827)  (6581,6827)  (6452,6607)  (6512,6607)  (6611,6882)  (6551,6882)  | overflowToLeft=false
S.Sakhalin  (12152,2164)  | overflowToLeft=false
Sacramento-N.California  (15848,2397)  (15827,2327)  (15829,2260)  (15969,2348)  (15969,2278)  (15955,2217)  (15852,2197)  | overflowToLeft=true
Saigon-Cochinchina  (10740,4741)  (10632,4829)  (10657,4881)  | overflowToLeft=false
Saipan-Mariana Is.  (12823,4432)  (12812,4374)  (12792,4314)  (12759,4250)  (12695,4205)  (12766,4471)  (12734,4529)  | overflowToLeft=false
Sakha  (11375,535)  (11429,590)  (11369,590)  (11319,480)  (11379,480)  (11315,535)  (11435,535)  (11439,471)  (11309,600)  (11484,645)  (11424,645)  (11334,425)  (11489,590)  (11259,480)  (11255,545)  (11446,416)  (11261,655)  | overflowToLeft=false
Salamaua Lae-New Guinea  (13073,5918)  (13017,5863)  (13013,5944)  (13133,5911)  (13133,5966)  (12957,5889)  (12956,5834)  (12953,5947)  (13193,5993)  (13249,6048)  | overflowToLeft=false
Samoan Is.  (16264,6769)  | overflowToLeft=false
San Francisco-Cen.California  (15901,2546)  (15935,2609)  (16010,2575)  (15973,2512)  (15941,2452)  (16002,2638)  | overflowToLeft=true
San Juan-Puerto Rico  (1883,3764)  | overflowToLeft=false
Sansapor-Vogelkop Pen.  (12382,5709)  (12322,5713)  (12322,5658)  (12425,5815)  | overflowToLeft=false
Santiago-Guantanamo  (1351,3616)  (1344,3539)  | overflowToLeft=false
Santo Domingo-Dominican  (1670,3715)  (1770,3711)  (1683,3644)  | overflowToLeft=false


Bosnia  (6076,2898)  (6190,2921)  (6148,3008)  (6092,2950)  (6148,3055)  | overflowToLeft=true


Sarawak-N.Borneo  (11019,5477)  (11051,5422)  (10959,5519)  (11023,5532)  (10942,5574)  (10882,5596)  (11139,5359)  (11199,5358)  | overflowToLeft=false
Sardinia  (5516,3209)  (5469,3266)  (5495,3329)  | overflowToLeft=false
Savo-Ostrobothnia  (6764,1031)  (6663,1053)  (6582,1079)  (6689,886)  (6787,863)  (6786,946)  | overflowToLeft=false


Holstein  (5780,1810)  (5839,1900)  (5810,1860)  (5724,1813)  (5706,1770)  | overflowToLeft=true


Scotland  (4810,1303)  (4890,1329)  (4824,1234)  (4858,1167)  (4942,1209)  (5012,1222)  (4907,1101)  (4803,1084)  (4987,1089)  (4809,1397)  | overflowToLeft=false
Seattle-Washington  (15958,1858)  (16007,1950)  (16046,1843)  (16138,1846)  (16146,1917)  (16105,1977)  | overflowToLeft=false
Seychelles  (7846,5799)  | overflowToLeft=false
Shanghai-Kiangsu  (11304,3630)  (11358,3685)  (11244,3676)  (11244,3621)  (11364,3582)  (11418,3637)  (11418,3692)  (11184,3704)  (11184,3649)  (11424,3569)  | overflowToLeft=false
Shangtung  (11060,3189)  (11080,3244)  (11020,3244)  (11084,3134)  (11144,3124)  (10960,3288)  (11043,3299)  (11204,3129)  (10977,3343)  | overflowToLeft=false
Shensi  (10109,3156)  (10163,3211)  (10103,3211)  (10053,3101)  (10113,3101)  (10049,3156)  (10169,3156)  (10043,3221)  (10218,3266)  (10158,3266)  (9998,3046)  (10058,3046)  (10118,3046)  (10223,3211)  (9993,3101)  (9989,3166)  | overflowToLeft=false
Shetland Is.  (5184,858)  | overflowToLeft=false
Shikoku  (12028,3332)  (12090,3307)  (12074,3356)  | overflowToLeft=false
Siberia  (9678,993)  (9732,1048)  (9672,1048)  (9622,938)  (9682,938)  (9618,993)  (9738,993)  (9742,929)  (9612,1058)  (9787,1103)  (9727,1103)  (9567,883)  (9627,883)  (9792,1048)  (9562,938)  (9558,1003)  (9687,874)  (9747,874)  | overflowToLeft=false
Sicily  (5887,3684)  (5749,3578)  (5807,3619)  | overflowToLeft=false
Sierra Leone  (4301,5031)  (4343,4970)  (4399,5027)  | overflowToLeft=false
Sikang  (9735,3195)  (9789,3250)  (9729,3250)  (9679,3140)  (9739,3140)  (9675,3195)  (9795,3195)  (9799,3131)  (9669,3260)  (9789,3305)  (9729,3305)  (9849,3250)  (9619,3140)  (9618,3085)  (9615,3205)  (9855,3186)  (9859,3122)  | overflowToLeft=false
Silesia  (6340,2280)  (6390,2300)  (6286,2184)  (6402,2236)  (6410,2360)  (6260,2237)  (6436,2291)  (6341,2186)  (6241,2141)  | overflowToLeft=false
Sinai  (6949,4068)  (7003,4123)  (6943,4123)  (7009,4060)  (7058,4178)  (6998,4178)  (7072,4233)  | overflowToLeft=false
Sinaloa-Guadalajara  (16695,3476)  (16725,3531)  (16669,3417)  (16755,3473)  (16755,3586)  (16626,3362)  (16755,3641)  (16577,3307)  (16545,3252)  (16484,3211)  | overflowToLeft=false
Singapore-Malacca  (10524,5400)  (10403,5326)  (10473,5296)  | overflowToLeft=false
Sinkiang  (9212,3104)  (9266,3159)  (9206,3159)  (9156,3049)  (9216,3049)  (9152,3104)  (9272,3104)  (9276,3040)  (9146,3169)  (9217,3214)  (9092,3114)  (9092,3059)  (9332,3095)  (9336,3019)  (9086,3172)  (9032,3117)  (9032,3062)  | overflowToLeft=false
Sistan-Baluchestan  (8346,3754)  (8400,3809)  (8340,3809)  (8290,3699)  (8350,3699)  (8286,3754)  (8455,3864)  (8395,3864)  (8335,3864)  (8237,3644)  (8297,3644)  (8357,3644)  (8230,3699)  (8417,3630)  (8453,3919)  (8393,3919)  | overflowToLeft=false
Sitka  (15631,1323)  | overflowToLeft=false
Siuyuyan  (9899,2795)  (9814,2718)  (9771,2620)  (9887,2643)  (9976,2917)  (10145,2936)  (10230,3005)  (10324,3072)  | overflowToLeft=false
Slovakia  (6363,2460)  (6282,2420)  (6400,2423)  (6414,2466)  (6315,2455)  (6289,2384)  (6347,2384)  (6443,2425)  | overflowToLeft=false
N.Croatia  (6167,2845)  (6140,2805)  (6015,2750)  (6075,2730)  (6075,2825)  | overflowToLeft=true
Smolensk  (7281,1931)  (7350,1931)  (7392,1873)  (7325,1873)  (7256,1873)  (7205,1809)  (7289,1991)  (7354,1991)  (7259,2049)  (7320,2050)  (7383,2043)  (7245,2104)  (7268,1812)  (7340,1822)  (7398,1826)  (7197,1767)  | overflowToLeft=false
Smyrna  (6779,3416)  (6813,3471)  (6731,3361)  | overflowToLeft=false
Society Is.  (15568,6460)  | overflowToLeft=false
Socotra  (7766,4993)  | overflowToLeft=false
Bulgaria  (6525,3175)  (6475,3187)  (6450,3083)  (6550,3093)  (6412,3180)  (6390,3220)  | overflowToLeft=true
Southwest Africa  (5970,7043)  (6024,7098)  (5964,7098)  (5914,6988)  (5974,6988)  (5910,7043)  (6030,7043)  (6034,6979)  (5904,7108)  (6068,7153)  (5865,6933)  (6041,6924)  | overflowToLeft=false
Spanish Gabon  (5523,5669)  (5603,5609)  | overflowToLeft=false
St.Johns-Newfoundland  (2049,1848)  (2074,1780)  (2100,1703)  (2163,1765)  (2241,1807)  (2265,1875)  | overflowToLeft=false
St.Louis-Arkansas  (588,2517)  (642,2572)  (582,2572)  (532,2462)  (592,2462)  (528,2517)  (648,2517)  (652,2455)  (522,2582)  (640,2627)  (523,2407)  (583,2407)  (580,2637)  (520,2637)  (712,2467)  (640,2682)  (556,2692)  | overflowToLeft=false
Stalingrad-Volga  (7708,2435)  (7630,2395)  (7563,2342)  (7567,2273)  (7659,2215)  (7723,2264)  (7796,2272)  (7809,2342)  (7815,2404)  (7881,2369)  (7880,2306)  (7858,2238)  (7639,2306)  | overflowToLeft=false
Stavropol  (7585,2637)  (7629,2692)  (7569,2692)  (7534,2582)  (7594,2582)  (7591,2527)  | overflowToLeft=false
Stockholm  (6241,1315)  (6306,1265)  (6181,1243)  (6159,1172)  (6217,1090)  | overflowToLeft=false
Surabaya-E.Java  (10894,6234)  (10998,6252)  | overflowToLeft=false
Svalbard  (6346,162)  (6135,154)  (6206,159)  (6278,158)  (6419,159)  (6221,218)  (6300,221)  (6490,161)  (6565,190)  (6444,101)  (6521,98)  (6592,106)  (6672,111)  (6056,138)  | overflowToLeft=false
Svealand  (6244,1033)  (6250,967)  (6267,903)  (6317,968)  | overflowToLeft=false
Switzerland  (5451,2656)  (5636,2647)  (5494,2593)  | overflowToLeft=false
Sydney Canberra-New South Wales  (13233,7469)  (13269,7379)  (13276,7291)  (13165,7250)  (13057,7252)  (12956,7266)  (12885,7335)  (12918,7425)  (13012,7482)  (13127,7523)  | overflowToLeft=false
Taipei-Formosa  (11321,4149)  (11323,4204)  (11340,4094)  | overflowToLeft=false
Tanganyika  (6683,5881)  (6731,5936)  (6671,5936)  (6627,5826)  (6687,5826)  (6623,5881)  (6743,5881)  (6747,5817)  (6611,5952)  (6698,5991)  (6723,5762)  (6783,5762)  (6803,5872)  (6807,5817)  (6638,6007)  (6701,6046)  (6641,6062)  | overflowToLeft=false
Tangier  (4451,3862)  (4505,3917)  (4445,3917)  (4420,3807)  (4385,3904)  (4565,3908)  | overflowToLeft=false
Tanimbar Is.  (11839,5712)  | overflowToLeft=false
Tarakan-E.Borneo  (11144,5661)  (11084,5623)  (11094,5551)  (11142,5472)  (11196,5528)  (11222,5592)  | overflowToLeft=false
Tarawa-Gilbert Is.  (14117,5486)  | overflowToLeft=false
Tasmania  (13074,7880)  | overflowToLeft=false
Taymyr  (10154,460)  (10208,515)  (10148,515)  (10098,405)  (10158,405)  (10094,460)  (10214,460)  (10218,396)  (10088,525)  (10263,570)  (10203,570)  (10043,350)  (10103,350)  (10268,515)  (10038,405)  (10034,470)  (10163,341)  | overflowToLeft=false
Tbilisi-Georgia  (7677,2985)  (7731,3040)  (7671,3040)  (7617,2956)  (7737,2977)  (7786,3095)  (7726,3095)  (7791,3032)  (7557,2911)  (7846,3087)  (7851,3024)  (7497,2903)  (7906,3079)  | overflowToLeft=false
Tehran  (7941,3455)  (7953,3385)  (8028,3389)  (7940,3306)  (8014,3275)  (8070,3318)  | overflowToLeft=false
Tenere  (5428,4523)  (5375,4598)  (5470,4631)  (5584,4645)  (5690,4616)  | overflowToLeft=false
Texas  (221,2897)  (275,2952)  (215,2952)  (165,2842)  (225,2842)  (161,2897)  (281,2897)  (285,2833)  (155,2962)  (330,3007)  (270,3007)  (110,2787)  (170,2787)  (335,2952)  (105,2842)  (101,2907)  (210,3017)  (150,3017)  (341,2888)  | overflowToLeft=false


Thessaloniki  (6395,3340)  (6471,3357)  | overflowToLeft=false


Thrace  (6531,3264)  (6629,3268)  | overflowToLeft=false


Tibesti  (5868,4668)  (5872,4576)  (5966,4645)  (6014,4727)  (6063,4634)  (6398,4718)  (6504,4679)  (6113,4781)  | overflowToLeft=false
Timbuktu-Mali  (4989,4743)  (5071,4675)  (5094,4765)  (4759,4676)  (4683,4603)  (4595,4512)  (4662,4420)  (4752,4477)  (4850,4553)  (4955,4613)  | overflowToLeft=false
Timor  (11770,6384)  | overflowToLeft=false
Tobruk  (6383,4098)  (6437,4153)  (6377,4153)  (6323,4098)  (6442,4208)  | overflowToLeft=false
Tohoku  (12397,2884)  (12351,2821)  (12314,2704)  (12382,2661)  | overflowToLeft=false
Tokyo  (12336,3096)  (12323,3160)  (12428,3037)  (12448,3090)  (12441,3175)  (12382,3176)  (12365,3040)  (12387,3126)  | overflowToLeft=false
Tomsk  (9085,1400)  (9139,1455)  (9079,1455)  (9029,1345)  (9089,1345)  (9025,1400)  (9145,1400)  (9149,1336)  (9019,1465)  (9194,1510)  (9134,1510)  (8974,1290)  (9034,1290)  (9199,1455)  (8969,1345)  (8965,1410)  (9094,1281)  | overflowToLeft=false
Toronto-S.Ontario  (747,1756)  (700,1811)  (687,1756)  (807,1756)  (822,1811)  (640,1839)  (627,1784)  (627,1729)  (882,1790)  (882,1845)  (908,1900)  (580,1872)  (567,1817)  (567,1762)  (567,1707)  (942,1793)  (532,1652)  (965,1955)  | overflowToLeft=false
Toulouse  (5059,2900)  (5113,2897)  (5006,2775)  (5068,2765)  (5163,2835)  (4993,2907)  (4983,2857)  (5135,2770)  (5173,2897)  (5012,2962)  (4933,2920)  (4920,2872)  | overflowToLeft=true


Transdanubia  (6258,2755)  (6198,2767)  (6325,2755)  (6360,2725)  (6232,2640)  (6162,2700)  | overflowToLeft=true


Transylvania  (6475,2735)  (6480,2648)  (6540,2625)  (6530,2750)  | overflowToLeft=false
Trebizond  (7223,3206)  (7163,3253)  (7163,3198)  (7283,3182)  (7283,3237)  (7103,3254)  (7103,3199)  (7343,3179)  (7343,3234)  (7043,3234)  (7403,3184)  (7463,3176)  | overflowToLeft=false
Tripoli-W.Tripolitania  (5595,4118)  (5608,4173)  (5548,4173)  (5535,4118)  (5655,4066)  | overflowToLeft=false
Troms-Finnmark  (6449,489)  (6527,476)  (6602,456)  (6697,396)  | overflowToLeft=false
Trondheim  (6155,700)  (6070,668)  (6195,735)  (6045,810)  | overflowToLeft=true
Trucial Coast  (8181,4150)  (8208,4095)  (8241,4150)  (8154,4211)  (8094,4239)  (8034,4256)  | overflowToLeft=false
Truk-Coraline Is.  (13102,5173)  (13092,5239)  (12991,5228)  (12924,5180)  (12838,5196)  (13185,5228)  (13261,5251)  (13139,5300)  (12794,5250)  | overflowToLeft=false
Tsagaan Olom  (9938,2484)  (9992,2539)  (9932,2539)  (9886,2429)  (9946,2429)  (9878,2484)  (9998,2484)  (10006,2426)  (10018,2594)  (10052,2539)  (9818,2499)  (10058,2481)  (10018,2649)  (9758,2501)  (9698,2500)  | overflowToLeft=false
Tsinghai  (9763,2901)  (9756,2991)  (9664,2986)  (9558,2939)  (9482,2877)  (9471,2795)  (9545,2737)  (9650,2778)  | overflowToLeft=false
Tula  (7406,2173)  (7460,2228)  (7400,2228)  (7369,2118)  (7429,2118)  (7346,2173)  (7466,2173)  (7340,2238)  (7489,2092)  (7286,2171)  (7526,2151)  | overflowToLeft=false
Tunis-Tunisia  (5357,3874)  (5438,3861)  (5467,3928)  (5463,3998)  (5468,4067)  (5403,4112)  (5374,4040)  (5321,3942)  (5391,3979)  | overflowToLeft=true
Turkmenistan  (8507,3052)  (8561,3107)  (8501,3107)  (8451,2997)  (8511,2997)  (8447,3052)  (8567,3052)  (8571,2988)  (8441,3117)  (8616,3162)  (8556,3162)  (8396,2942)  (8456,2942)  (8621,3107)  (8391,2997)  (8387,3062)  (8516,2933)  | overflowToLeft=false
Tver  (7406,1647)  (7392,1702)  (7420,1592)  (7332,1720)  | overflowToLeft=false


S.Austria  (5957,2646)  (6037,2680)  (6095,2665)  (6187,2610)  (6114,2610)  (5885,2654)  (5815,2662)  | overflowToLeft=true


Tyumen  (8570,1559)  (8624,1614)  (8564,1614)  (8514,1504)  (8574,1504)  (8510,1559)  (8630,1559)  (8634,1495)  (8504,1624)  (8679,1669)  (8619,1669)  (8479,1449)  (8539,1449)  (8684,1614)  (8450,1569)  (8599,1440)  (8659,1440)  | overflowToLeft=false
Ubangi Sheri  (6048,5282)  (5961,5356)  (6311,5322)  (6343,5224)  (6261,5155)  (6140,5206)  | overflowToLeft=false
Udon Thani  (10505,4594)  (10485,4525)  (10463,4424)  (10387,4424)  (10380,4495)  | overflowToLeft=false
Uelen  (13727,682)  (13775,755)  (13863,814)  (13938,857)  (13977,779)  (14039,728)  (13850,611)  (13733,567)  | overflowToLeft=false
Uganda  (6702,5537)  (6756,5592)  (6696,5592)  (6646,5482)  (6706,5482)  (6642,5537)  (6762,5537)  (6636,5602)  (6772,5647)  (6712,5647)  (6622,5427)  (6682,5427)  (6652,5657)  (6822,5590)  (6660,5712)  | overflowToLeft=false
Ulaanbaatar  (10467,2475)  (10521,2530)  (10461,2530)  (10411,2420)  (10407,2475)  (10527,2448)  (10401,2533)  (10587,2445)  (10341,2530)  (10647,2424)  (10707,2434)  | overflowToLeft=false
Upper Egypt  (6955,4492)  (7009,4547)  (6949,4547)  (6899,4437)  (6959,4437)  (6895,4492)  (7015,4492)  (6889,4557)  (7056,4602)  (6996,4602)  (6936,4612)  (6876,4612)  (6829,4557)  (6816,4630)  | overflowToLeft=false
Upper Volta  (5053,4938)  (5107,4993)  (5047,4993)  (4997,4883)  (5057,4883)  (4993,4938)  (5113,4938)  (5117,4874)  (4987,5003)  (5167,4993)  (4933,4948)  (5173,4929)  (4927,5025)  (5227,4984)  (4873,4970)  (5233,4929)  (4867,5033)  | overflowToLeft=false
Uruguay  (2046,6378)  (1986,6394)  (2106,6360)  | overflowToLeft=false
Urumchi-Kansu  (9383,2502)  (9437,2557)  (9377,2557)  (9327,2447)  (9387,2447)  (9323,2502)  (9443,2502)  (9447,2438)  (9317,2567)  (9492,2612)  (9432,2612)  (9272,2392)  (9332,2392)  (9497,2557)  (9267,2447)  (9263,2512)  (9372,2622)  | overflowToLeft=false
Utah  (16416,2427)  (16470,2482)  (16410,2482)  (16360,2372)  (16420,2372)  (16356,2427)  (16476,2427)  (16480,2363)  (16350,2492)  (16525,2537)  (16465,2537)  (16324,2317)  (16384,2317)  (16444,2308)  (16405,2547)  (16345,2547)  | overflowToLeft=false
Uzbekistan  (8606,2819)  (8660,2874)  (8600,2874)  (8550,2764)  (8546,2819)  (8666,2804)  (8715,2929)  (8655,2929)  (8491,2709)  (8720,2859)  (8490,2764)  (8486,2826)  (8775,2914)  (8775,2969)  (8431,2709)  (8780,2859)  (8430,2771)  | overflowToLeft=false
Valencia  (4780,3398)  (4799,3332)  (4756,3453)  (4790,3277)  | overflowToLeft=false
Vancouver-W.British Columbia  (15934,1641)  (15892,1586)  (15952,1586)  (15993,1696)  (15994,1641)  (16012,1566)  (15869,1531)  (15929,1531)  (16052,1751)  (16053,1696)  (16054,1621)  (15853,1476)  (15913,1476)  (16112,1751)  (16113,1695)  | overflowToLeft=false
Varna  (6710,3127)  (6685,3070)  (6610,3081)  (6610,3220)  (6610,3170)  | overflowToLeft=false
Venice-Trieste  (5764,2759)  (5741,2814)  (5824,2726)  | overflowToLeft=false
Veracruz  (249,3654)  (273,3709)  (236,3599)  | overflowToLeft=false
Vichy  (5166,2651)  (5170,2577)  (5237,2610)  (5330,2628)  (5349,2700)  (5315,2795)  (5250,2835)  (5231,2745)  (5211,2695)  (5305,2745)  | overflowToLeft=false
Victoria  (15923,1710)  | overflowToLeft=false
N.Austria  (6220,2527)  (6165,2530)  (6100,2530)  (6033,2525)  (6105,2435)  (6203,2465)  | overflowToLeft=false
Vilna  (6832,1909)  (6768,1942)  (6830,1966)  (6763,1998)  (6776,2059)  (6812,2017)  (6733,1971)  | overflowToLeft=true
Virginia  (1187,2560)  (1127,2569)  (1247,2553)  (1303,2559)  (1063,2576)  (1011,2580)  | overflowToLeft=false
Vitebsk  (7047,1826)  (7101,1881)  (7041,1881)  (6991,1771)  (7051,1771)  (6987,1826)  (7107,1826)  (7111,1762)  (7156,1936)  (7089,1937)  (7173,1988)  | overflowToLeft=false
Vladivostok  (11565,2533)  (11575,2478)  (11625,2533)  | overflowToLeft=false
Vologda  (7472,1182)  (7526,1237)  (7466,1237)  (7475,1127)  (7412,1182)  (7532,1182)  (7535,1119)  (7406,1247)  (7352,1192)  (7592,1174)  (7346,1258)  (7652,1154)  (7652,1209)  (7712,1149)  | overflowToLeft=false
Vyborg  (6877,1126)  (6821,1181)  (6842,1071)  (6902,1071)  (6817,1126)  (6937,1126)  (6938,1181)  | overflowToLeft=false
W.Algerian-Sahara  (4783,4294)  (4838,4372)  (5052,4511)  (5163,4548)  (5195,4466)  (5138,4359)  (5029,4324)  (4933,4313)  (4858,4305)  (4693,4289)  (4617,4232)  (4535,4181)  | overflowToLeft=true
W.Tibet  (9405,3426)  (9491,3484)  (9564,3390)  (9326,3356)  (9284,3280)  (9365,3213)  (9457,3154)  | overflowToLeft=false
Wake Is.  (13934,4305)  | overflowToLeft=false
Wales  (4785,1598)  (4802,1655)  (4704,1693)  (4818,1721)  (4740,1644)  (4730,1729)  | overflowToLeft=true


Wallachia  (6563,2845)  (6430,2860)  (6490,2860)  (6370,2840)  (6412,2785)  | overflowToLeft=true


Poland  (6410,2170)  (6490,2175)  (6453,2125)  (6457,2060)  (6491,2014)  (6533,2130)  | overflowToLeft=false
Washington D.C.  (1146,2453)  (1208,2492)  (1138,2404)  (1169,2362)  (1260,2413)  (1275,2478)  | overflowToLeft=false
Rhineland  (5620,2365)  (5620,2305)  (5553,2315)  (5545,2245)  (5620,2249)  (5658,2140)  (5535,2141)  (5585,2088)  (5660,2095)  | overflowToLeft=false
Windhoek  (5904,6723)  (5958,6778)  (5898,6778)  (5848,6668)  (5908,6668)  (5844,6723)  (5964,6723)  (5968,6659)  (5838,6788)  (6013,6833)  (5953,6833)  (6018,6778)  (5788,6668)  (5787,6613)  (5784,6733)  (5946,6604)  (6006,6604)  | overflowToLeft=false
Windward Is.  (1924,4240)  | overflowToLeft=false
Winnipeg  (14,1586)  (15,1688)  (23,1769)  (120,1808)  (152,1709)  (154,1607)  (162,1475)  (22,1466)  (88,1353)  | overflowToLeft=false
Wisconsin-Minnesota  (730,1989)  (637,1988)  (544,1978)  (497,1909)  (516,2072)  (522,2158)  (540,2245)  (621,2244)  (711,2197)  (715,2096)  | overflowToLeft=false
Wuhan  (10806,3567)  (10788,3496)  (10716,3546)  (10719,3610)  (10813,3637)  (10715,3470)  (10697,3400)  (10696,3329)  (10785,3389)  (10853,3346)  (10871,3415)  (10920,3452)  | overflowToLeft=false
Wyoming  (16630,2191)  (16684,2246)  (16624,2246)  (16574,2136)  (16634,2136)  (16570,2191)  (16690,2191)  (16694,2127)  (16564,2256)  (16744,2246)  (16514,2136)  (16510,2201)  (16750,2182)  (16754,2112)  | overflowToLeft=false
Yakutia  (11287,1027)  (11317,1138)  (11414,1196)  (11597,1236)  (11679,1148)  (11709,1014)  (11629,899)  (11513,825)  (11369,805)  (11269,898)  (11165,993)  (11158,1109)  (11197,1196)  | overflowToLeft=false
Yakutsk  (11222,1529)  (11276,1584)  (11216,1584)  (11166,1474)  (11226,1474)  (11162,1529)  (11282,1529)  (11286,1465)  (11156,1594)  (11325,1639)  (11265,1639)  (11111,1419)  (11171,1419)  (11336,1584)  (11106,1474)  (11102,1539)  | overflowToLeft=false
Yamalia  (8874,720)  (8928,775)  (8868,775)  (8919,665)  (8934,720)  (8808,785)  (8808,730)  (8779,626)  (8979,633)  (8988,775)  (8994,688)  (8748,798)  (8748,743)  (8724,571)  (8719,660)  (9030,560)  (8877,557)  (8937,552)  (9054,681)  | overflowToLeft=false
Yanaon  (9311,4263)  | overflowToLeft=false
Yaroslavl  (7657,1304)  (7711,1359)  (7651,1359)  (7597,1304)  (7717,1265)  (7591,1361)  (7769,1210)  (7777,1265)  (7531,1402)  (7531,1347)  (7778,1155)  (7493,1457)  (7829,1210)  (7838,1153)  (7471,1402)  (7471,1347)  | overflowToLeft=false
Yucatan  (664,3556)  (744,3542)  (739,3634)  (738,3703)  (648,3755)  (603,3692)  (608,3612)  | overflowToLeft=false
Yukon  (15713,970)  (15782,1064)  (15888,1126)  (16043,1145)  (16156,1078)  (16163,944)  (16059,840)  (15893,834)  (15744,853)  | overflowToLeft=false
Yunnan  (9979,3815)  (10021,3751)  (10002,3683)  (10068,3834)  (10174,3960)  (10264,3930)  (10279,3844)  (10353,3796)  (10419,3802)  (10268,3991)  (10154,3885)  (10140,3812)  | overflowToLeft=false
Yuzhny-Novaya Zemlya  (8045,295)  (7985,343)  (8105,268)  (7945,398)  (8165,251)  (7952,453)  (7885,422)  | overflowToLeft=false
